
===== 开始运行 soc-step=25 =====
正式评价区间：2025-02-01 至 2025-12-31
正式评价天数：334
未纳入正式评价的预热日期：31天
日末库存价值系数：0.481548 元/kWh
预测安全修正：负荷×1.050，非夏季光伏×0.900，7至9月光伏×1.050
预测时间衰减系数：0.900
分解预测设置：同类型日最少3天，日总量趋势截断0.200，光伏最近7天
滚动偏差校准：回看30天，强度0.500
动态分位数：常规[0.5, 0.6, 0.7, 0.75, 0.8, 0.85, 0.9]，高风险[0.85, 0.9, 0.95]
滚动最优分位数：回看30天，最少历史7天，临时购电惩罚×5.0
2025-02-01完成 | 滚动常规 | q=0.90 | SOC：6000.0->10800.0 | 临时购电：3.0kWh | 总费用：32376.24元
2025-02-02完成 | 滚动常规 | q=0.90 | SOC：10800.0->10800.0 | 临时购电：0.6kWh | 总费用：67367.49元
2025-02-03完成 | 滚动常规 | q=0.90 | SOC：10800.0->10800.0 | 临时购电：0.0kWh | 总费用：67032.77元
2025-02-04完成 | 滚动常规 | q=0.90 | SOC：10800.0->10800.0 | 临时购电：0.6kWh | 总费用：68482.43元
2025-02-05完成 | 滚动常规 | q=0.85 | SOC：10800.0->10800.0 | 临时购电：3.9kWh | 总费用：67909.68元
2025-02-06完成 | 滚动常规 | q=0.85 | SOC：10800.0->10800.0 | 临时购电：0.0kWh | 总费用：67642.68元
2025-02-07完成 | 滚动常规 | q=0.85 | SOC：10800.0->10800.0 | 临时购电：3.2kWh | 总费用：29134.08元
2025-02-08完成 | 滚动常规 | q=0.85 | SOC：10800.0->10800.0 | 临时购电：9.6kWh | 总费用：26646.03元
2025-02-09完成 | 滚动常规 | q=0.85 | SOC：10800.0->10800.0 | 临时购电：0.0kWh | 总费用：64445.72元
2025-02-10完成 | 滚动常规 | q=0.85 | SOC：10800.0->10800.0 | 临时购电：3.4kWh | 总费用：63973.86元
2025-02-11完成 | 滚动常规 | q=0.85 | SOC：10800.0->10800.0 | 临时购电：2.9kWh | 总费用：61579.03元
2025-02-12完成 | 滚动常规 | q=0.70 | SOC：10800.0->10800.0 | 临时购电：12.2kWh | 总费用：61990.87元
2025-02-13完成 | 滚动常规 | q=0.70 | SOC：10800.0->10800.0 | 临时购电：8.9kWh | 总费用：62058.12元
2025-02-14完成 | 滚动常规 | q=0.70 | SOC：10800.0->10800.0 | 临时购电：26.2kWh | 总费用：24165.92元
2025-02-15完成 | 滚动常规 | q=0.70 | SOC：10800.0->10775.0 | 临时购电：28.0kWh | 总费用：23662.64元
2025-02-16完成 | 滚动常规 | q=0.70 | SOC：10775.0->10800.0 | 临时购电：15.5kWh | 总费用：60949.09元
2025-02-17完成 | 滚动常规 | q=0.70 | SOC：10800.0->10775.0 | 临时购电：14.6kWh | 总费用：60213.37元
2025-02-18完成 | 滚动常规 | q=0.70 | SOC：10775.0->10800.0 | 临时购电：3.6kWh | 总费用：59808.84元
2025-02-19完成 | 滚动常规 | q=0.70 | SOC：10800.0->10625.0 | 临时购电：14.8kWh | 总费用：58301.79元
2025-02-20完成 | 滚动常规 | q=0.70 | SOC：10625.0->10800.0 | 临时购电：13.5kWh | 总费用：60768.03元
2025-02-21完成 | 滚动常规 | q=0.70 | SOC：10800.0->10800.0 | 临时购电：43.7kWh | 总费用：23442.60元
2025-02-22完成 | 滚动常规 | q=0.70 | SOC：10800.0->10800.0 | 临时购电：31.9kWh | 总费用：22365.53元
2025-02-23完成 | 滚动常规 | q=0.70 | SOC：10800.0->10775.0 | 临时购电：14.7kWh | 总费用：57992.51元
2025-02-24完成 | 滚动常规 | q=0.70 | SOC：10775.0->10800.0 | 临时购电：5.5kWh | 总费用：58372.01元
2025-02-25完成 | 滚动常规 | q=0.70 | SOC：10800.0->10800.0 | 临时购电：8.2kWh | 总费用：59437.61元
2025-02-26完成 | 滚动常规 | q=0.70 | SOC：10800.0->10800.0 | 临时购电：15.1kWh | 总费用：56889.83元
2025-02-27完成 | 滚动常规 | q=0.70 | SOC：10800.0->10800.0 | 临时购电：17.1kWh | 总费用：57821.01元
2025-02-28完成 | 滚动常规 | q=0.70 | SOC：10800.0->10800.0 | 临时购电：53.7kWh | 总费用：21734.32元
2025-03-01完成 | 滚动常规 | q=0.70 | SOC：10800.0->10800.0 | 临时购电：52.5kWh | 总费用：20664.25元
2025-03-02完成 | 滚动常规 | q=0.70 | SOC：10800.0->10800.0 | 临时购电：12.9kWh | 总费用：55808.33元
2025-03-03完成 | 滚动常规 | q=0.70 | SOC：10800.0->10750.0 | 临时购电：7.4kWh | 总费用：56206.82元
2025-03-04完成 | 滚动常规 | q=0.70 | SOC：10750.0->10800.0 | 临时购电：3.7kWh | 总费用：59079.88元
2025-03-05完成 | 滚动常规 | q=0.70 | SOC：10800.0->10800.0 | 临时购电：16.1kWh | 总费用：57781.66元
2025-03-06完成 | 滚动常规 | q=0.70 | SOC：10800.0->10800.0 | 临时购电：0.0kWh | 总费用：57033.66元
2025-03-07完成 | 滚动常规 | q=0.70 | SOC：10800.0->10800.0 | 临时购电：8.8kWh | 总费用：21692.38元
2025-03-08完成 | 滚动常规 | q=0.70 | SOC：10800.0->10675.0 | 临时购电：57.0kWh | 总费用：20108.17元
2025-03-09完成 | 滚动常规 | q=0.70 | SOC：10675.0->10750.0 | 临时购电：23.5kWh | 总费用：54923.63元
2025-03-10完成 | 滚动常规 | q=0.70 | SOC：10750.0->10750.0 | 临时购电：12.1kWh | 总费用：52084.82元
2025-03-11完成 | 滚动常规 | q=0.70 | SOC：10750.0->10800.0 | 临时购电：16.6kWh | 总费用：53291.49元
2025-03-12完成 | 滚动常规 | q=0.70 | SOC：10800.0->10725.0 | 临时购电：26.2kWh | 总费用：53332.29元
2025-03-13完成 | 滚动常规 | q=0.70 | SOC：10725.0->10600.0 | 临时购电：33.3kWh | 总费用：51989.57元
2025-03-14完成 | 滚动常规 | q=0.70 | SOC：10600.0->10675.0 | 临时购电：92.8kWh | 总费用：18898.27元
2025-03-15完成 | 滚动常规 | q=0.70 | SOC：10675.0->10450.0 | 临时购电：90.5kWh | 总费用：19405.93元
2025-03-16完成 | 滚动常规 | q=0.70 | SOC：10450.0->10800.0 | 临时购电：14.0kWh | 总费用：53449.05元
2025-03-17完成 | 滚动常规 | q=0.70 | SOC：10800.0->10800.0 | 临时购电：9.6kWh | 总费用：50880.42元
2025-03-18完成 | 滚动常规 | q=0.70 | SOC：10800.0->10800.0 | 临时购电：16.1kWh | 总费用：50446.98元
2025-03-19完成 | 滚动常规 | q=0.70 | SOC：10800.0->10800.0 | 临时购电：7.2kWh | 总费用：51061.54元
2025-03-20完成 | 滚动常规 | q=0.70 | SOC：10800.0->10750.0 | 临时购电：9.8kWh | 总费用：50383.94元
2025-03-21完成 | 滚动常规 | q=0.70 | SOC：10750.0->10525.0 | 临时购电：38.3kWh | 总费用：18552.49元
2025-03-22完成 | 滚动常规 | q=0.70 | SOC：10525.0->10800.0 | 临时购电：50.8kWh | 总费用：19039.39元
2025-03-23完成 | 滚动常规 | q=0.70 | SOC：10800.0->10800.0 | 临时购电：25.7kWh | 总费用：49987.13元
2025-03-24完成 | 滚动常规 | q=0.70 | SOC：10800.0->10800.0 | 临时购电：15.8kWh | 总费用：50543.30元
2025-03-25完成 | 滚动常规 | q=0.70 | SOC：10800.0->10700.0 | 临时购电：23.8kWh | 总费用：47634.72元
2025-03-26完成 | 滚动常规 | q=0.70 | SOC：10700.0->10775.0 | 临时购电：18.0kWh | 总费用：48201.14元
2025-03-27完成 | 滚动常规 | q=0.70 | SOC：10775.0->10800.0 | 临时购电：26.3kWh | 总费用：47150.68元
2025-03-28完成 | 滚动常规 | q=0.70 | SOC：10800.0->10800.0 | 临时购电：32.8kWh | 总费用：18429.83元
2025-03-29完成 | 滚动常规 | q=0.70 | SOC：10800.0->10800.0 | 临时购电：31.1kWh | 总费用：17798.37元
2025-03-30完成 | 滚动常规 | q=0.70 | SOC：10800.0->10800.0 | 临时购电：42.9kWh | 总费用：48016.38元
2025-03-31完成 | 滚动常规 | q=0.70 | SOC：10800.0->10800.0 | 临时购电：24.9kWh | 总费用：48673.40元
2025-04-01完成 | 滚动常规 | q=0.70 | SOC：10800.0->10800.0 | 临时购电：35.1kWh | 总费用：47027.91元
2025-04-02完成 | 滚动常规 | q=0.70 | SOC：10800.0->10800.0 | 临时购电：16.8kWh | 总费用：47525.18元
2025-04-03完成 | 滚动常规 | q=0.70 | SOC：10800.0->10800.0 | 临时购电：19.0kWh | 总费用：47490.02元
2025-04-04完成 | 滚动常规 | q=0.70 | SOC：10800.0->10800.0 | 临时购电：34.8kWh | 总费用：17586.04元
2025-04-05完成 | 滚动常规 | q=0.70 | SOC：10800.0->10800.0 | 临时购电：30.7kWh | 总费用：17321.99元
2025-04-06完成 | 滚动常规 | q=0.70 | SOC：10800.0->10800.0 | 临时购电：6.6kWh | 总费用：48213.54元
2025-04-07完成 | 滚动常规 | q=0.70 | SOC：10800.0->10800.0 | 临时购电：12.8kWh | 总费用：45717.07元
2025-04-08完成 | 滚动常规 | q=0.70 | SOC：10800.0->10800.0 | 临时购电：14.6kWh | 总费用：45497.04元
2025-04-09完成 | 滚动常规 | q=0.70 | SOC：10800.0->10800.0 | 临时购电：20.0kWh | 总费用：45091.08元
2025-04-10完成 | 滚动常规 | q=0.70 | SOC：10800.0->10800.0 | 临时购电：19.1kWh | 总费用：46427.93元
2025-04-11完成 | 滚动常规 | q=0.70 | SOC：10800.0->10750.0 | 临时购电：15.6kWh | 总费用：16697.70元
2025-04-12完成 | 滚动常规 | q=0.70 | SOC：10750.0->10800.0 | 临时购电：23.6kWh | 总费用：17210.50元
2025-04-13完成 | 滚动常规 | q=0.70 | SOC：10800.0->10800.0 | 临时购电：16.9kWh | 总费用：44710.59元
2025-04-14完成 | 滚动常规 | q=0.70 | SOC：10800.0->10725.0 | 临时购电：32.8kWh | 总费用：44242.71元
2025-04-15完成 | 滚动常规 | q=0.70 | SOC：10725.0->10800.0 | 临时购电：6.0kWh | 总费用：44798.11元
2025-04-16完成 | 滚动常规 | q=0.70 | SOC：10800.0->10800.0 | 临时购电：19.6kWh | 总费用：43274.57元
2025-04-17完成 | 滚动常规 | q=0.70 | SOC：10800.0->10800.0 | 临时购电：18.8kWh | 总费用：44099.99元
2025-04-18完成 | 滚动常规 | q=0.70 | SOC：10800.0->10800.0 | 临时购电：39.9kWh | 总费用：16424.45元
2025-04-19完成 | 滚动常规 | q=0.70 | SOC：10800.0->10800.0 | 临时购电：49.8kWh | 总费用：16449.09元
2025-04-20完成 | 滚动常规 | q=0.70 | SOC：10800.0->10800.0 | 临时购电：27.1kWh | 总费用：43000.11元
2025-04-21完成 | 滚动常规 | q=0.70 | SOC：10800.0->10800.0 | 临时购电：13.5kWh | 总费用：43977.12元
2025-04-22完成 | 滚动常规 | q=0.70 | SOC：10800.0->10800.0 | 临时购电：19.6kWh | 总费用：44247.15元
2025-04-23完成 | 滚动常规 | q=0.70 | SOC：10800.0->10800.0 | 临时购电：11.5kWh | 总费用：42904.59元
2025-04-24完成 | 滚动常规 | q=0.70 | SOC：10800.0->10800.0 | 临时购电：11.5kWh | 总费用：42432.92元
2025-04-25完成 | 滚动常规 | q=0.70 | SOC：10800.0->10800.0 | 临时购电：63.6kWh | 总费用：15479.88元
2025-04-26完成 | 滚动常规 | q=0.70 | SOC：10800.0->10800.0 | 临时购电：21.3kWh | 总费用：15548.65元
2025-04-27完成 | 滚动常规 | q=0.70 | SOC：10800.0->10800.0 | 临时购电：24.2kWh | 总费用：39959.52元
2025-04-28完成 | 滚动常规 | q=0.70 | SOC：10800.0->10800.0 | 临时购电：13.7kWh | 总费用：42373.81元
2025-04-29完成 | 滚动常规 | q=0.70 | SOC：10800.0->10800.0 | 临时购电：11.7kWh | 总费用：42331.20元
2025-04-30完成 | 滚动常规 | q=0.70 | SOC：10800.0->10800.0 | 临时购电：18.0kWh | 总费用：42520.20元
2025-05-01完成 | 滚动常规 | q=0.70 | SOC：10800.0->9750.0 | 临时购电：592.8kWh | 总费用：45606.46元
2025-05-02完成 | 滚动常规 | q=0.70 | SOC：9750.0->9900.0 | 临时购电：669.0kWh | 总费用：19696.52元
2025-05-03完成 | 滚动常规 | q=0.70 | SOC：9900.0->10075.0 | 临时购电：847.3kWh | 总费用：20393.99元
2025-05-04完成 | 滚动常规 | q=0.70 | SOC：10075.0->9975.0 | 临时购电：602.2kWh | 总费用：45724.47元
2025-05-05完成 | 滚动常规 | q=0.70 | SOC：9975.0->10100.0 | 临时购电：326.0kWh | 总费用：43603.24元
2025-05-06完成 | 滚动常规 | q=0.70 | SOC：10100.0->9850.0 | 临时购电：392.0kWh | 总费用：44111.17元
2025-05-07完成 | 滚动常规 | q=0.70 | SOC：9850.0->10050.0 | 临时购电：423.5kWh | 总费用：46856.88元
2025-05-08完成 | 滚动常规 | q=0.70 | SOC：10050.0->10150.0 | 临时购电：81.3kWh | 总费用：45741.22元
2025-05-09完成 | 滚动常规 | q=0.70 | SOC：10150.0->10275.0 | 临时购电：52.0kWh | 总费用：17115.99元
2025-05-10完成 | 滚动常规 | q=0.70 | SOC：10275.0->10100.0 | 临时购电：110.4kWh | 总费用：17231.21元
2025-05-11完成 | 滚动常规 | q=0.70 | SOC：10100.0->10275.0 | 临时购电：181.5kWh | 总费用：46383.52元
2025-05-12完成 | 滚动常规 | q=0.70 | SOC：10275.0->10575.0 | 临时购电：25.7kWh | 总费用：44699.84元
2025-05-13完成 | 滚动常规 | q=0.70 | SOC：10575.0->10575.0 | 临时购电：33.7kWh | 总费用：45056.83元
2025-05-14完成 | 滚动常规 | q=0.70 | SOC：10575.0->10525.0 | 临时购电：25.4kWh | 总费用：44698.69元
2025-05-15完成 | 滚动常规 | q=0.70 | SOC：10525.0->10800.0 | 临时购电：23.9kWh | 总费用：44406.35元
2025-05-16完成 | 滚动常规 | q=0.70 | SOC：10800.0->10800.0 | 临时购电：17.7kWh | 总费用：16949.10元
2025-05-17完成 | 滚动常规 | q=0.70 | SOC：10800.0->10750.0 | 临时购电：56.3kWh | 总费用：17166.68元
2025-05-18完成 | 滚动常规 | q=0.70 | SOC：10750.0->10800.0 | 临时购电：13.0kWh | 总费用：43372.43元
2025-05-19完成 | 滚动常规 | q=0.70 | SOC：10800.0->10775.0 | 临时购电：76.8kWh | 总费用：43953.86元
2025-05-20完成 | 滚动常规 | q=0.70 | SOC：10775.0->10675.0 | 临时购电：16.3kWh | 总费用：41877.54元
2025-05-21完成 | 滚动常规 | q=0.70 | SOC：10675.0->10800.0 | 临时购电：4.9kWh | 总费用：42644.42元
2025-05-22完成 | 滚动常规 | q=0.70 | SOC：10800.0->10800.0 | 临时购电：7.7kWh | 总费用：42505.30元
2025-05-23完成 | 滚动常规 | q=0.70 | SOC：10800.0->10800.0 | 临时购电：60.8kWh | 总费用：17657.46元
2025-05-24完成 | 滚动常规 | q=0.70 | SOC：10800.0->10800.0 | 临时购电：42.0kWh | 总费用：17827.86元
2025-05-25完成 | 滚动常规 | q=0.70 | SOC：10800.0->10800.0 | 临时购电：21.6kWh | 总费用：42695.74元
2025-05-26完成 | 滚动常规 | q=0.70 | SOC：10800.0->10800.0 | 临时购电：36.9kWh | 总费用：44045.33元
2025-05-27完成 | 滚动常规 | q=0.70 | SOC：10800.0->10800.0 | 临时购电：17.6kWh | 总费用：42778.92元
2025-05-28完成 | 滚动常规 | q=0.70 | SOC：10800.0->10800.0 | 临时购电：17.2kWh | 总费用：42412.33元
2025-05-29完成 | 滚动常规 | q=0.70 | SOC：10800.0->10800.0 | 临时购电：8.0kWh | 总费用：43008.52元
2025-05-30完成 | 滚动常规 | q=0.70 | SOC：10800.0->10800.0 | 临时购电：35.2kWh | 总费用：17952.18元
2025-05-31完成 | 滚动常规 | q=0.70 | SOC：10800.0->10750.0 | 临时购电：25.0kWh | 总费用：17981.74元
2025-06-01完成 | 滚动常规 | q=0.70 | SOC：10750.0->9600.0 | 临时购电：2262.9kWh | 总费用：55972.13元
2025-06-02完成 | 滚动高风险 | q=0.85 | SOC：9600.0->9675.0 | 临时购电：1358.2kWh | 总费用：55969.52元
2025-06-03完成 | 滚动高风险 | q=0.85 | SOC：9675.0->9900.0 | 临时购电：257.8kWh | 总费用：51068.68元
2025-06-04完成 | 滚动高风险 | q=0.85 | SOC：9900.0->9850.0 | 临时购电：299.8kWh | 总费用：51893.81元
2025-06-05完成 | 滚动高风险 | q=0.85 | SOC：9850.0->9925.0 | 临时购电：295.2kWh | 总费用：53189.85元
2025-06-06完成 | 滚动常规 | q=0.70 | SOC：9925.0->9525.0 | 临时购电：4217.6kWh | 总费用：39475.51元
2025-06-07完成 | 滚动高风险 | q=0.85 | SOC：9525.0->10050.0 | 临时购电：388.1kWh | 总费用：24309.94元
2025-06-08完成 | 滚动高风险 | q=0.85 | SOC：10050.0->10800.0 | 临时购电：9.3kWh | 总费用：61447.23元
2025-06-09完成 | 滚动高风险 | q=0.85 | SOC：10800.0->10800.0 | 临时购电：29.3kWh | 总费用：59043.14元
2025-06-10完成 | 滚动常规 | q=0.75 | SOC：10800.0->10525.0 | 临时购电：58.9kWh | 总费用：55411.77元
2025-06-11完成 | 滚动常规 | q=0.75 | SOC：10525.0->10550.0 | 临时购电：61.6kWh | 总费用：55461.44元
2025-06-12完成 | 滚动常规 | q=0.75 | SOC：10550.0->10775.0 | 临时购电：30.0kWh | 总费用：56593.78元
2025-06-13完成 | 滚动常规 | q=0.75 | SOC：10775.0->10475.0 | 临时购电：160.3kWh | 总费用：22206.16元
2025-06-14完成 | 滚动常规 | q=0.75 | SOC：10475.0->10775.0 | 临时购电：219.1kWh | 总费用：23428.08元
2025-06-15完成 | 滚动常规 | q=0.75 | SOC：10775.0->10800.0 | 临时购电：20.1kWh | 总费用：59142.24元
2025-06-16完成 | 滚动常规 | q=0.75 | SOC：10800.0->10800.0 | 临时购电：13.7kWh | 总费用：59262.01元
2025-06-17完成 | 滚动常规 | q=0.75 | SOC：10800.0->10800.0 | 临时购电：67.4kWh | 总费用：57904.01元
2025-06-18完成 | 滚动常规 | q=0.75 | SOC：10800.0->10800.0 | 临时购电：14.5kWh | 总费用：58113.94元
2025-06-19完成 | 滚动常规 | q=0.75 | SOC：10800.0->10800.0 | 临时购电：22.6kWh | 总费用：59241.18元
2025-06-20完成 | 滚动常规 | q=0.75 | SOC：10800.0->10800.0 | 临时购电：98.8kWh | 总费用：24449.12元
2025-06-21完成 | 滚动常规 | q=0.75 | SOC：10800.0->10800.0 | 临时购电：64.7kWh | 总费用：24717.74元
2025-06-22完成 | 滚动常规 | q=0.75 | SOC：10800.0->10800.0 | 临时购电：24.5kWh | 总费用：57245.11元
2025-06-23完成 | 滚动常规 | q=0.75 | SOC：10800.0->10800.0 | 临时购电：10.7kWh | 总费用：56076.43元
2025-06-24完成 | 滚动常规 | q=0.75 | SOC：10800.0->10800.0 | 临时购电：89.2kWh | 总费用：55597.17元
2025-06-25完成 | 滚动常规 | q=0.75 | SOC：10800.0->10800.0 | 临时购电：18.2kWh | 总费用：56058.10元
2025-06-26完成 | 滚动常规 | q=0.75 | SOC：10800.0->10800.0 | 临时购电：8.0kWh | 总费用：56858.64元
2025-06-27完成 | 滚动常规 | q=0.75 | SOC：10800.0->10800.0 | 临时购电：139.3kWh | 总费用：23800.56元
2025-06-28完成 | 滚动常规 | q=0.75 | SOC：10800.0->10800.0 | 临时购电：90.0kWh | 总费用：24088.07元
2025-06-29完成 | 滚动常规 | q=0.75 | SOC：10800.0->10800.0 | 临时购电：22.9kWh | 总费用：56668.38元
2025-06-30完成 | 滚动常规 | q=0.75 | SOC：10800.0->10775.0 | 临时购电：9.4kWh | 总费用：56853.69元
2025-07-01完成 | 滚动常规 | q=0.75 | SOC：10775.0->9700.0 | 临时购电：3190.5kWh | 总费用：64252.45元
2025-07-02完成 | 滚动高风险 | q=0.85 | SOC：9700.0->9750.0 | 临时购电：563.1kWh | 总费用：55654.77元
2025-07-03完成 | 滚动高风险 | q=0.85 | SOC：9750.0->9925.0 | 临时购电：2348.1kWh | 总费用：63744.77元
2025-07-04完成 | 滚动高风险 | q=0.85 | SOC：9925.0->9625.0 | 临时购电：2427.5kWh | 总费用：33272.56元
2025-07-05完成 | 滚动高风险 | q=0.85 | SOC：9625.0->9725.0 | 临时购电：3000.5kWh | 总费用：37289.92元
2025-07-06完成 | 滚动高风险 | q=0.85 | SOC：9725.0->9850.0 | 临时购电：6294.1kWh | 总费用：77164.23元
2025-07-07完成 | 滚动高风险 | q=0.85 | SOC：9850.0->9775.0 | 临时购电：523.7kWh | 总费用：51857.10元
2025-07-08完成 | 滚动高风险 | q=0.85 | SOC：9775.0->10800.0 | 临时购电：26.4kWh | 总费用：60024.62元
2025-07-09完成 | 滚动高风险 | q=0.85 | SOC：10800.0->10800.0 | 临时购电：4.8kWh | 总费用：61272.34元
2025-07-10完成 | 滚动常规 | q=0.75 | SOC：10800.0->10675.0 | 临时购电：97.6kWh | 总费用：54761.78元
2025-07-11完成 | 滚动常规 | q=0.75 | SOC：10675.0->10800.0 | 临时购电：177.4kWh | 总费用：27226.70元
2025-07-12完成 | 滚动常规 | q=0.75 | SOC：10800.0->10550.0 | 临时购电：67.9kWh | 总费用：26637.79元
2025-07-13完成 | 滚动常规 | q=0.80 | SOC：10550.0->10800.0 | 临时购电：51.3kWh | 总费用：55064.49元
2025-07-14完成 | 滚动常规 | q=0.80 | SOC：10800.0->10800.0 | 临时购电：19.7kWh | 总费用：55471.84元
2025-07-15完成 | 滚动常规 | q=0.80 | SOC：10800.0->10800.0 | 临时购电：11.3kWh | 总费用：56976.20元
2025-07-16完成 | 滚动常规 | q=0.80 | SOC：10800.0->10800.0 | 临时购电：40.0kWh | 总费用：55250.73元
2025-07-17完成 | 滚动常规 | q=0.80 | SOC：10800.0->10800.0 | 临时购电：38.5kWh | 总费用：54558.61元
2025-07-18完成 | 滚动常规 | q=0.80 | SOC：10800.0->10800.0 | 临时购电：115.2kWh | 总费用：28116.46元
2025-07-19完成 | 滚动常规 | q=0.80 | SOC：10800.0->10800.0 | 临时购电：12.8kWh | 总费用：28012.54元
2025-07-20完成 | 滚动常规 | q=0.80 | SOC：10800.0->10800.0 | 临时购电：4.7kWh | 总费用：56529.70元
2025-07-21完成 | 滚动常规 | q=0.80 | SOC：10800.0->10800.0 | 临时购电：24.1kWh | 总费用：55947.56元
2025-07-22完成 | 滚动常规 | q=0.80 | SOC：10800.0->10800.0 | 临时购电：24.0kWh | 总费用：57655.06元
2025-07-23完成 | 滚动常规 | q=0.80 | SOC：10800.0->10800.0 | 临时购电：34.4kWh | 总费用：56718.46元
2025-07-24完成 | 滚动常规 | q=0.80 | SOC：10800.0->10800.0 | 临时购电：112.0kWh | 总费用：56294.89元
2025-07-25完成 | 滚动常规 | q=0.80 | SOC：10800.0->10800.0 | 临时购电：104.7kWh | 总费用：27997.92元
2025-07-26完成 | 滚动常规 | q=0.80 | SOC：10800.0->10800.0 | 临时购电：53.2kWh | 总费用：28318.03元
2025-07-27完成 | 滚动常规 | q=0.80 | SOC：10800.0->10800.0 | 临时购电：426.5kWh | 总费用：58078.69元
2025-07-28完成 | 滚动常规 | q=0.80 | SOC：10800.0->10800.0 | 临时购电：417.4kWh | 总费用：56268.43元
2025-07-29完成 | 滚动常规 | q=0.80 | SOC：10800.0->10800.0 | 临时购电：17.3kWh | 总费用：57442.40元
2025-07-30完成 | 滚动常规 | q=0.80 | SOC：10800.0->10800.0 | 临时购电：21.0kWh | 总费用：55639.30元
2025-07-31完成 | 滚动常规 | q=0.80 | SOC：10800.0->10800.0 | 临时购电：23.9kWh | 总费用：56516.94元
2025-08-01完成 | 滚动常规 | q=0.80 | SOC：10800.0->10800.0 | 临时购电：22.2kWh | 总费用：27367.20元
2025-08-02完成 | 滚动常规 | q=0.80 | SOC：10800.0->10800.0 | 临时购电：4.9kWh | 总费用：27368.10元
2025-08-03完成 | 滚动常规 | q=0.80 | SOC：10800.0->10800.0 | 临时购电：11.5kWh | 总费用：53154.03元
2025-08-04完成 | 滚动常规 | q=0.80 | SOC：10800.0->10800.0 | 临时购电：10.7kWh | 总费用：50548.92元
2025-08-05完成 | 滚动常规 | q=0.75 | SOC：10800.0->10800.0 | 临时购电：23.0kWh | 总费用：49616.63元
2025-08-06完成 | 滚动常规 | q=0.75 | SOC：10800.0->10775.0 | 临时购电：945.6kWh | 总费用：52445.44元
2025-08-07完成 | 滚动常规 | q=0.75 | SOC：10775.0->10800.0 | 临时购电：38.5kWh | 总费用：47969.15元
2025-08-08完成 | 滚动常规 | q=0.75 | SOC：10800.0->10800.0 | 临时购电：41.7kWh | 总费用：26113.65元
2025-08-09完成 | 滚动常规 | q=0.75 | SOC：10800.0->10800.0 | 临时购电：163.0kWh | 总费用：26232.74元
2025-08-10完成 | 滚动常规 | q=0.75 | SOC：10800.0->10800.0 | 临时购电：31.3kWh | 总费用：49829.38元
2025-08-11完成 | 滚动常规 | q=0.75 | SOC：10800.0->10800.0 | 临时购电：35.9kWh | 总费用：50447.23元
2025-08-12完成 | 滚动常规 | q=0.70 | SOC：10800.0->10800.0 | 临时购电：288.5kWh | 总费用：49370.30元
2025-08-13完成 | 滚动常规 | q=0.70 | SOC：10800.0->10800.0 | 临时购电：85.1kWh | 总费用：48183.93元
2025-08-14完成 | 滚动常规 | q=0.70 | SOC：10800.0->10800.0 | 临时购电：59.8kWh | 总费用：49858.28元
2025-08-15完成 | 滚动常规 | q=0.70 | SOC：10800.0->10800.0 | 临时购电：48.1kWh | 总费用：25234.52元
2025-08-16完成 | 滚动常规 | q=0.70 | SOC：10800.0->10800.0 | 临时购电：61.9kWh | 总费用：25397.41元
2025-08-17完成 | 滚动常规 | q=0.70 | SOC：10800.0->10800.0 | 临时购电：39.1kWh | 总费用：49106.31元
2025-08-18完成 | 滚动常规 | q=0.70 | SOC：10800.0->10800.0 | 临时购电：32.8kWh | 总费用：50306.98元
2025-08-19完成 | 滚动常规 | q=0.70 | SOC：10800.0->10800.0 | 临时购电：93.4kWh | 总费用：48620.39元
2025-08-20完成 | 滚动常规 | q=0.70 | SOC：10800.0->10800.0 | 临时购电：2157.1kWh | 总费用：56170.14元
2025-08-21完成 | 滚动高风险 | q=0.85 | SOC：10800.0->10800.0 | 临时购电：7.8kWh | 总费用：52762.45元
2025-08-22完成 | 滚动高风险 | q=0.85 | SOC：10800.0->10800.0 | 临时购电：132.4kWh | 总费用：27156.45元
2025-08-23完成 | 滚动高风险 | q=0.85 | SOC：10800.0->10800.0 | 临时购电：12.8kWh | 总费用：26672.06元
2025-08-24完成 | 滚动常规 | q=0.70 | SOC：10800.0->10800.0 | 临时购电：99.0kWh | 总费用：49169.54元
2025-08-25完成 | 滚动常规 | q=0.70 | SOC：10800.0->10800.0 | 临时购电：1261.6kWh | 总费用：54247.64元
2025-08-26完成 | 滚动高风险 | q=0.85 | SOC：10800.0->10800.0 | 临时购电：27.8kWh | 总费用：52919.12元
2025-08-27完成 | 滚动高风险 | q=0.85 | SOC：10800.0->10800.0 | 临时购电：17.3kWh | 总费用：51840.31元
2025-08-28完成 | 滚动高风险 | q=0.85 | SOC：10800.0->10800.0 | 临时购电：94.1kWh | 总费用：53399.19元
2025-08-29完成 | 滚动常规 | q=0.70 | SOC：10800.0->10800.0 | 临时购电：234.0kWh | 总费用：27204.95元
2025-08-30完成 | 滚动常规 | q=0.70 | SOC：10800.0->10800.0 | 临时购电：67.0kWh | 总费用：26461.13元
2025-08-31完成 | 滚动常规 | q=0.70 | SOC：10800.0->10800.0 | 临时购电：147.4kWh | 总费用：49589.93元
2025-09-01完成 | 滚动常规 | q=0.70 | SOC：10800.0->10800.0 | 临时购电：22.5kWh | 总费用：47604.95元
2025-09-02完成 | 滚动常规 | q=0.70 | SOC：10800.0->10800.0 | 临时购电：26.3kWh | 总费用：48604.83元
2025-09-03完成 | 滚动常规 | q=0.70 | SOC：10800.0->10800.0 | 临时购电：12.7kWh | 总费用：48165.06元
2025-09-04完成 | 滚动常规 | q=0.70 | SOC：10800.0->10800.0 | 临时购电：28.0kWh | 总费用：48133.69元
2025-09-05完成 | 滚动常规 | q=0.70 | SOC：10800.0->10800.0 | 临时购电：12.5kWh | 总费用：25563.21元
2025-09-06完成 | 滚动常规 | q=0.70 | SOC：10800.0->10800.0 | 临时购电：4.3kWh | 总费用：26062.10元
2025-09-07完成 | 滚动常规 | q=0.70 | SOC：10800.0->10800.0 | 临时购电：83.0kWh | 总费用：47807.27元
2025-09-08完成 | 滚动常规 | q=0.70 | SOC：10800.0->10800.0 | 临时购电：3135.8kWh | 总费用：53476.12元
2025-09-09完成 | 滚动高风险 | q=0.85 | SOC：10800.0->10800.0 | 临时购电：15.1kWh | 总费用：46808.58元
2025-09-10完成 | 滚动高风险 | q=0.85 | SOC：10800.0->10800.0 | 临时购电：2042.9kWh | 总费用：54432.85元
2025-09-11完成 | 滚动高风险 | q=0.85 | SOC：10800.0->10800.0 | 临时购电：8.8kWh | 总费用：47218.09元
2025-09-12完成 | 滚动高风险 | q=0.85 | SOC：10800.0->10800.0 | 临时购电：64.6kWh | 总费用：23995.20元
2025-09-13完成 | 滚动高风险 | q=0.85 | SOC：10800.0->10800.0 | 临时购电：16.9kWh | 总费用：24611.91元
2025-09-14完成 | 滚动常规 | q=0.75 | SOC：10800.0->10800.0 | 临时购电：2856.4kWh | 总费用：53698.46元
2025-09-15完成 | 滚动高风险 | q=0.85 | SOC：10800.0->10800.0 | 临时购电：7.4kWh | 总费用：48385.31元
2025-09-16完成 | 滚动高风险 | q=0.85 | SOC：10800.0->10800.0 | 临时购电：48.4kWh | 总费用：48304.04元
2025-09-17完成 | 滚动高风险 | q=0.85 | SOC：10800.0->10800.0 | 临时购电：109.1kWh | 总费用：48658.58元
2025-09-18完成 | 滚动常规 | q=0.75 | SOC：10800.0->10800.0 | 临时购电：151.5kWh | 总费用：47919.67元
2025-09-19完成 | 滚动常规 | q=0.75 | SOC：10800.0->10800.0 | 临时购电：35.9kWh | 总费用：23845.69元
2025-09-20完成 | 滚动常规 | q=0.75 | SOC：10800.0->10800.0 | 临时购电：269.7kWh | 总费用：24976.39元
2025-09-21完成 | 滚动常规 | q=0.75 | SOC：10800.0->10800.0 | 临时购电：71.3kWh | 总费用：47224.14元
2025-09-22完成 | 滚动常规 | q=0.70 | SOC：10800.0->10800.0 | 临时购电：42.5kWh | 总费用：44494.76元
2025-09-23完成 | 滚动常规 | q=0.70 | SOC：10800.0->10800.0 | 临时购电：384.9kWh | 总费用：45663.28元
2025-09-24完成 | 滚动常规 | q=0.70 | SOC：10800.0->10800.0 | 临时购电：442.2kWh | 总费用：46164.39元
2025-09-25完成 | 滚动常规 | q=0.70 | SOC：10800.0->10800.0 | 临时购电：72.7kWh | 总费用：44812.67元
2025-09-26完成 | 滚动常规 | q=0.70 | SOC：10800.0->10800.0 | 临时购电：51.5kWh | 总费用：21200.37元
2025-09-27完成 | 滚动常规 | q=0.70 | SOC：10800.0->10675.0 | 临时购电：365.1kWh | 总费用：22397.83元
2025-09-28完成 | 滚动常规 | q=0.70 | SOC：10675.0->10800.0 | 临时购电：700.4kWh | 总费用：48071.21元
2025-09-29完成 | 滚动常规 | q=0.70 | SOC：10800.0->10800.0 | 临时购电：63.2kWh | 总费用：45378.87元
2025-09-30完成 | 滚动常规 | q=0.70 | SOC：10800.0->10775.0 | 临时购电：2302.5kWh | 总费用：54403.68元
2025-10-01完成 | 滚动高风险 | q=0.85 | SOC：10775.0->10800.0 | 临时购电：1.6kWh | 总费用：53682.85元
2025-10-02完成 | 滚动高风险 | q=0.85 | SOC：10800.0->10800.0 | 临时购电：5.8kWh | 总费用：51659.10元
2025-10-03完成 | 滚动高风险 | q=0.85 | SOC：10800.0->10800.0 | 临时购电：7.7kWh | 总费用：21636.79元
2025-10-04完成 | 滚动常规 | q=0.70 | SOC：10800.0->10800.0 | 临时购电：24.2kWh | 总费用：21225.32元
2025-10-05完成 | 滚动常规 | q=0.70 | SOC：10800.0->10800.0 | 临时购电：31.5kWh | 总费用：47565.74元
2025-10-06完成 | 滚动常规 | q=0.70 | SOC：10800.0->10800.0 | 临时购电：11.9kWh | 总费用：48214.54元
2025-10-07完成 | 滚动常规 | q=0.70 | SOC：10800.0->10800.0 | 临时购电：31.2kWh | 总费用：47833.85元
2025-10-08完成 | 滚动常规 | q=0.70 | SOC：10800.0->10800.0 | 临时购电：20.6kWh | 总费用：48560.36元
2025-10-09完成 | 滚动常规 | q=0.70 | SOC：10800.0->10800.0 | 临时购电：36.1kWh | 总费用：47612.22元
2025-10-10完成 | 滚动常规 | q=0.70 | SOC：10800.0->10800.0 | 临时购电：32.7kWh | 总费用：19406.71元
2025-10-11完成 | 滚动常规 | q=0.70 | SOC：10800.0->10800.0 | 临时购电：31.9kWh | 总费用：20378.97元
2025-10-12完成 | 滚动常规 | q=0.70 | SOC：10800.0->10800.0 | 临时购电：28.6kWh | 总费用：48215.19元
2025-10-13完成 | 滚动常规 | q=0.70 | SOC：10800.0->10800.0 | 临时购电：23.4kWh | 总费用：47780.88元
2025-10-14完成 | 滚动常规 | q=0.70 | SOC：10800.0->10800.0 | 临时购电：36.0kWh | 总费用：48238.76元
2025-10-15完成 | 滚动常规 | q=0.70 | SOC：10800.0->10800.0 | 临时购电：14.7kWh | 总费用：49588.12元
2025-10-16完成 | 滚动常规 | q=0.70 | SOC：10800.0->10800.0 | 临时购电：25.0kWh | 总费用：49355.88元
2025-10-17完成 | 滚动常规 | q=0.70 | SOC：10800.0->10800.0 | 临时购电：53.3kWh | 总费用：19923.15元
2025-10-18完成 | 滚动常规 | q=0.70 | SOC：10800.0->10800.0 | 临时购电：34.6kWh | 总费用：19965.43元
2025-10-19完成 | 滚动常规 | q=0.70 | SOC：10800.0->10800.0 | 临时购电：48.1kWh | 总费用：50149.26元
2025-10-20完成 | 滚动常规 | q=0.70 | SOC：10800.0->10800.0 | 临时购电：9.2kWh | 总费用：50882.00元
2025-10-21完成 | 滚动常规 | q=0.70 | SOC：10800.0->10800.0 | 临时购电：35.4kWh | 总费用：52176.86元
2025-10-22完成 | 滚动常规 | q=0.70 | SOC：10800.0->10800.0 | 临时购电：46.7kWh | 总费用：50227.56元
2025-10-23完成 | 滚动常规 | q=0.70 | SOC：10800.0->10800.0 | 临时购电：25.7kWh | 总费用：50408.99元
2025-10-24完成 | 滚动常规 | q=0.70 | SOC：10800.0->10725.0 | 临时购电：27.2kWh | 总费用：18986.62元
2025-10-25完成 | 滚动常规 | q=0.70 | SOC：10725.0->10800.0 | 临时购电：33.3kWh | 总费用：19456.76元
2025-10-26完成 | 滚动常规 | q=0.70 | SOC：10800.0->10800.0 | 临时购电：21.8kWh | 总费用：51212.98元
2025-10-27完成 | 滚动常规 | q=0.70 | SOC：10800.0->10800.0 | 临时购电：28.8kWh | 总费用：50679.70元
2025-10-28完成 | 滚动常规 | q=0.70 | SOC：10800.0->10800.0 | 临时购电：38.4kWh | 总费用：51021.20元
2025-10-29完成 | 滚动常规 | q=0.70 | SOC：10800.0->10775.0 | 临时购电：32.3kWh | 总费用：49976.53元
2025-10-30完成 | 滚动常规 | q=0.70 | SOC：10775.0->10800.0 | 临时购电：13.3kWh | 总费用：51349.61元
2025-10-31完成 | 滚动常规 | q=0.70 | SOC：10800.0->10575.0 | 临时购电：59.1kWh | 总费用：19489.86元
2025-11-01完成 | 滚动常规 | q=0.70 | SOC：10575.0->10800.0 | 临时购电：67.1kWh | 总费用：19969.30元
2025-11-02完成 | 滚动常规 | q=0.70 | SOC：10800.0->10800.0 | 临时购电：23.8kWh | 总费用：52416.00元
2025-11-03完成 | 滚动常规 | q=0.70 | SOC：10800.0->10800.0 | 临时购电：20.8kWh | 总费用：52788.78元
2025-11-04完成 | 滚动常规 | q=0.70 | SOC：10800.0->10650.0 | 临时购电：32.6kWh | 总费用：52777.61元
2025-11-05完成 | 滚动常规 | q=0.70 | SOC：10650.0->10800.0 | 临时购电：9.0kWh | 总费用：53505.81元
2025-11-06完成 | 滚动常规 | q=0.70 | SOC：10800.0->10800.0 | 临时购电：39.5kWh | 总费用：53154.20元
2025-11-07完成 | 滚动常规 | q=0.70 | SOC：10800.0->10775.0 | 临时购电：64.8kWh | 总费用：20047.04元
2025-11-08完成 | 滚动常规 | q=0.70 | SOC：10775.0->10800.0 | 临时购电：70.2kWh | 总费用：20133.47元
2025-11-09完成 | 滚动常规 | q=0.70 | SOC：10800.0->10800.0 | 临时购电：11.0kWh | 总费用：54107.33元
2025-11-10完成 | 滚动常规 | q=0.70 | SOC：10800.0->10800.0 | 临时购电：39.9kWh | 总费用：54850.23元
2025-11-11完成 | 滚动常规 | q=0.70 | SOC：10800.0->10800.0 | 临时购电：7.4kWh | 总费用：55003.41元
2025-11-12完成 | 滚动常规 | q=0.70 | SOC：10800.0->10800.0 | 临时购电：27.2kWh | 总费用：55639.48元
2025-11-13完成 | 滚动常规 | q=0.70 | SOC：10800.0->10800.0 | 临时购电：31.3kWh | 总费用：54399.11元
2025-11-14完成 | 滚动常规 | q=0.70 | SOC：10800.0->10800.0 | 临时购电：83.6kWh | 总费用：21150.15元
2025-11-15完成 | 滚动常规 | q=0.70 | SOC：10800.0->10775.0 | 临时购电：65.9kWh | 总费用：21141.58元
2025-11-16完成 | 滚动常规 | q=0.70 | SOC：10775.0->10800.0 | 临时购电：9.4kWh | 总费用：56324.68元
2025-11-17完成 | 滚动常规 | q=0.70 | SOC：10800.0->10800.0 | 临时购电：59.5kWh | 总费用：56760.46元
2025-11-18完成 | 滚动常规 | q=0.70 | SOC：10800.0->10800.0 | 临时购电：11.9kWh | 总费用：56411.60元
2025-11-19完成 | 滚动常规 | q=0.70 | SOC：10800.0->10800.0 | 临时购电：25.1kWh | 总费用：56908.09元
2025-11-20完成 | 滚动常规 | q=0.70 | SOC：10800.0->10800.0 | 临时购电：8.3kWh | 总费用：57109.39元
2025-11-21完成 | 滚动常规 | q=0.70 | SOC：10800.0->10800.0 | 临时购电：87.1kWh | 总费用：21788.39元
2025-11-22完成 | 滚动常规 | q=0.70 | SOC：10800.0->10800.0 | 临时购电：28.8kWh | 总费用：21846.73元
2025-11-23完成 | 滚动常规 | q=0.70 | SOC：10800.0->10800.0 | 临时购电：33.8kWh | 总费用：58145.04元
2025-11-24完成 | 滚动常规 | q=0.70 | SOC：10800.0->10775.0 | 临时购电：17.8kWh | 总费用：57914.08元
2025-11-25完成 | 滚动常规 | q=0.70 | SOC：10775.0->10800.0 | 临时购电：24.6kWh | 总费用：57271.96元
2025-11-26完成 | 滚动常规 | q=0.70 | SOC：10800.0->10800.0 | 临时购电：9.6kWh | 总费用：57921.47元
2025-11-27完成 | 滚动常规 | q=0.70 | SOC：10800.0->10800.0 | 临时购电：6.5kWh | 总费用：58891.85元
2025-11-28完成 | 滚动常规 | q=0.70 | SOC：10800.0->10800.0 | 临时购电：27.9kWh | 总费用：22916.81元
2025-11-29完成 | 滚动常规 | q=0.70 | SOC：10800.0->10800.0 | 临时购电：33.9kWh | 总费用：22749.26元
2025-11-30完成 | 滚动常规 | q=0.70 | SOC：10800.0->10800.0 | 临时购电：23.2kWh | 总费用：59597.06元
2025-12-01完成 | 滚动常规 | q=0.70 | SOC：10800.0->10800.0 | 临时购电：1287.7kWh | 总费用：64920.09元
2025-12-02完成 | 滚动高风险 | q=0.85 | SOC：10800.0->10800.0 | 临时购电：1533.0kWh | 总费用：69209.88元
2025-12-03完成 | 滚动高风险 | q=0.85 | SOC：10800.0->10800.0 | 临时购电：255.9kWh | 总费用：63128.20元
2025-12-04完成 | 滚动高风险 | q=0.85 | SOC：10800.0->10800.0 | 临时购电：531.5kWh | 总费用：65279.86元
2025-12-05完成 | 滚动高风险 | q=0.85 | SOC：10800.0->10800.0 | 临时购电：155.8kWh | 总费用：27393.28元
2025-12-06完成 | 滚动常规 | q=0.70 | SOC：10800.0->10550.0 | 临时购电：2581.0kWh | 总费用：32435.51元
2025-12-07完成 | 滚动高风险 | q=0.85 | SOC：10550.0->10800.0 | 临时购电：28.5kWh | 总费用：65411.09元
2025-12-08完成 | 滚动高风险 | q=0.85 | SOC：10800.0->10800.0 | 临时购电：9.3kWh | 总费用：71149.20元
2025-12-09完成 | 滚动高风险 | q=0.85 | SOC：10800.0->10800.0 | 临时购电：14.0kWh | 总费用：70677.78元
2025-12-10完成 | 滚动常规 | q=0.70 | SOC：10800.0->10800.0 | 临时购电：54.5kWh | 总费用：66268.64元
2025-12-11完成 | 滚动常规 | q=0.70 | SOC：10800.0->10800.0 | 临时购电：34.1kWh | 总费用：66002.21元
2025-12-12完成 | 滚动常规 | q=0.70 | SOC：10800.0->10800.0 | 临时购电：145.2kWh | 总费用：28264.32元
2025-12-13完成 | 滚动常规 | q=0.70 | SOC：10800.0->10800.0 | 临时购电：57.3kWh | 总费用：28778.99元
2025-12-14完成 | 滚动常规 | q=0.70 | SOC：10800.0->10800.0 | 临时购电：43.0kWh | 总费用：67523.48元
2025-12-15完成 | 滚动常规 | q=0.70 | SOC：10800.0->10800.0 | 临时购电：6.0kWh | 总费用：69084.69元
2025-12-16完成 | 滚动常规 | q=0.70 | SOC：10800.0->10800.0 | 临时购电：21.1kWh | 总费用：68812.96元
2025-12-17完成 | 滚动常规 | q=0.70 | SOC：10800.0->10800.0 | 临时购电：13.1kWh | 总费用：68298.76元
2025-12-18完成 | 滚动常规 | q=0.70 | SOC：10800.0->10800.0 | 临时购电：42.4kWh | 总费用：67713.60元
2025-12-19完成 | 滚动常规 | q=0.70 | SOC：10800.0->10800.0 | 临时购电：23.7kWh | 总费用：30302.73元
2025-12-20完成 | 滚动常规 | q=0.70 | SOC：10800.0->10800.0 | 临时购电：19.6kWh | 总费用：29863.19元
2025-12-21完成 | 滚动常规 | q=0.70 | SOC：10800.0->10800.0 | 临时购电：20.1kWh | 总费用：68545.58元
2025-12-22完成 | 滚动常规 | q=0.70 | SOC：10800.0->10625.0 | 临时购电：12.8kWh | 总费用：68144.09元
2025-12-23完成 | 滚动常规 | q=0.70 | SOC：10625.0->10800.0 | 临时购电：7.5kWh | 总费用：68837.17元
2025-12-24完成 | 滚动常规 | q=0.70 | SOC：10800.0->10800.0 | 临时购电：5.1kWh | 总费用：68267.86元
2025-12-25完成 | 滚动常规 | q=0.70 | SOC：10800.0->10800.0 | 临时购电：22.0kWh | 总费用：68704.16元
2025-12-26完成 | 滚动常规 | q=0.70 | SOC：10800.0->10800.0 | 临时购电：28.3kWh | 总费用：30107.40元
2025-12-27完成 | 滚动常规 | q=0.70 | SOC：10800.0->10800.0 | 临时购电：17.2kWh | 总费用：30061.40元
2025-12-28完成 | 滚动常规 | q=0.70 | SOC：10800.0->10800.0 | 临时购电：8.6kWh | 总费用：68427.82元
2025-12-29完成 | 滚动常规 | q=0.70 | SOC：10800.0->10800.0 | 临时购电：8.0kWh | 总费用：68228.02元
2025-12-30完成 | 滚动常规 | q=0.70 | SOC：10800.0->10800.0 | 临时购电：0.0kWh | 总费用：67857.95元
2025-12-31完成 | 滚动常规 | q=0.70 | SOC：10800.0->10675.0 | 临时购电：10.4kWh | 总费用：67542.75元

========== 问题二正式评价完成 ==========
正式评价区间：2025-02-01 至 2025-12-31
正式评价天数：334
未纳入评价的预热天数：31
日末库存价值系数：0.481548 元/kWh
计划购电费用：14750197.94 元
临时购电费用：285808.78 元
总费用：15036006.73 元
临时购电总量：65954.47 kWh
结果明细：C:\Users\LENOVO\Desktop\数模\C题\outputs\problem2_same_type_sweep_25\problem2_detail.csv
每日汇总：C:\Users\LENOVO\Desktop\数模\C题\outputs\problem2_same_type_sweep_25\problem2_daily_summary.csv
提交表格：C:\Users\LENOVO\Desktop\数模\C题\outputs\problem2_same_type_sweep_25\result2.xlsx
包含三张表：
  1. 计划购电量（日期×144时段）
  2. 充放电量（6个4小时时段）
  3. 紧急购电量（日期、购电时间段、购电量）
===== soc-step=25 总费用 = 15036006.73 元 =====

===== 开始运行 soc-step=30 =====
正式评价区间：2025-02-01 至 2025-12-31
正式评价天数：334
未纳入正式评价的预热日期：31天
日末库存价值系数：0.481548 元/kWh
预测安全修正：负荷×1.050，非夏季光伏×0.900，7至9月光伏×1.050
预测时间衰减系数：0.900
分解预测设置：同类型日最少3天，日总量趋势截断0.200，光伏最近7天
滚动偏差校准：回看30天，强度0.500
动态分位数：常规[0.5, 0.6, 0.7, 0.75, 0.8, 0.85, 0.9]，高风险[0.85, 0.9, 0.95]
滚动最优分位数：回看30天，最少历史7天，临时购电惩罚×5.0
2025-02-01完成 | 滚动常规 | q=0.90 | SOC：6000.0->10800.0 | 临时购电：1.7kWh | 总费用：32368.67元
2025-02-02完成 | 滚动常规 | q=0.90 | SOC：10800.0->10800.0 | 临时购电：0.0kWh | 总费用：67363.26元
2025-02-03完成 | 滚动常规 | q=0.90 | SOC：10800.0->10800.0 | 临时购电：0.6kWh | 总费用：67036.83元
2025-02-04完成 | 滚动常规 | q=0.90 | SOC：10800.0->10800.0 | 临时购电：3.6kWh | 总费用：68502.94元
2025-02-05完成 | 滚动常规 | q=0.85 | SOC：10800.0->10800.0 | 临时购电：0.9kWh | 总费用：67893.42元
2025-02-06完成 | 滚动常规 | q=0.85 | SOC：10800.0->10800.0 | 临时购电：2.6kWh | 总费用：67656.67元
2025-02-07完成 | 滚动常规 | q=0.85 | SOC：10800.0->10800.0 | 临时购电：12.7kWh | 总费用：29179.91元
2025-02-08完成 | 滚动常规 | q=0.85 | SOC：10800.0->10800.0 | 临时购电：5.6kWh | 总费用：26625.21元
2025-02-09完成 | 滚动常规 | q=0.85 | SOC：10800.0->10800.0 | 临时购电：2.2kWh | 总费用：64456.58元
2025-02-10完成 | 滚动常规 | q=0.85 | SOC：10800.0->10800.0 | 临时购电：6.5kWh | 总费用：63986.24元
2025-02-11完成 | 滚动常规 | q=0.85 | SOC：10800.0->10740.0 | 临时购电：3.1kWh | 总费用：61573.15元
2025-02-12完成 | 滚动常规 | q=0.70 | SOC：10740.0->10800.0 | 临时购电：18.6kWh | 总费用：62053.75元
2025-02-13完成 | 滚动常规 | q=0.70 | SOC：10800.0->10800.0 | 临时购电：16.0kWh | 总费用：62095.87元
2025-02-14完成 | 滚动常规 | q=0.70 | SOC：10800.0->10770.0 | 临时购电：36.8kWh | 总费用：24243.87元
2025-02-15完成 | 滚动常规 | q=0.70 | SOC：10770.0->10770.0 | 临时购电：53.7kWh | 总费用：23793.51元
2025-02-16完成 | 滚动常规 | q=0.70 | SOC：10770.0->10800.0 | 临时购电：12.2kWh | 总费用：60923.73元
2025-02-17完成 | 滚动常规 | q=0.70 | SOC：10800.0->10800.0 | 临时购电：13.5kWh | 总费用：60215.98元
2025-02-18完成 | 滚动常规 | q=0.70 | SOC：10800.0->10800.0 | 临时购电：14.2kWh | 总费用：59851.42元
2025-02-19完成 | 滚动常规 | q=0.70 | SOC：10800.0->10560.0 | 临时购电：20.6kWh | 总费用：58313.50元
2025-02-20完成 | 滚动常规 | q=0.70 | SOC：10560.0->10800.0 | 临时购电：22.0kWh | 总费用：60843.44元
2025-02-21完成 | 滚动常规 | q=0.70 | SOC：10800.0->10800.0 | 临时购电：26.2kWh | 总费用：23386.56元
2025-02-22完成 | 滚动常规 | q=0.70 | SOC：10800.0->10800.0 | 临时购电：26.8kWh | 总费用：22333.90元
2025-02-23完成 | 滚动常规 | q=0.70 | SOC：10800.0->10740.0 | 临时购电：30.1kWh | 总费用：58061.30元
2025-02-24完成 | 滚动常规 | q=0.70 | SOC：10740.0->10710.0 | 临时购电：1.3kWh | 总费用：58370.98元
2025-02-25完成 | 滚动常规 | q=0.70 | SOC：10710.0->10800.0 | 临时购电：25.5kWh | 总费用：59593.08元
2025-02-26完成 | 滚动常规 | q=0.70 | SOC：10800.0->10800.0 | 临时购电：10.3kWh | 总费用：56876.67元
2025-02-27完成 | 滚动常规 | q=0.70 | SOC：10800.0->10800.0 | 临时购电：10.2kWh | 总费用：57775.41元
2025-02-28完成 | 滚动常规 | q=0.70 | SOC：10800.0->10770.0 | 临时购电：49.7kWh | 总费用：21711.23元
2025-03-01完成 | 滚动常规 | q=0.70 | SOC：10770.0->10740.0 | 临时购电：65.5kWh | 总费用：20708.40元
2025-03-02完成 | 滚动常规 | q=0.70 | SOC：10740.0->10710.0 | 临时购电：40.0kWh | 总费用：55936.73元
2025-03-03完成 | 滚动常规 | q=0.70 | SOC：10710.0->10710.0 | 临时购电：12.2kWh | 总费用：56265.50元
2025-03-04完成 | 滚动常规 | q=0.70 | SOC：10710.0->10740.0 | 临时购电：15.5kWh | 总费用：59128.55元
2025-03-05完成 | 滚动常规 | q=0.70 | SOC：10740.0->10740.0 | 临时购电：19.6kWh | 总费用：57810.07元
2025-03-06完成 | 滚动常规 | q=0.70 | SOC：10740.0->10800.0 | 临时购电：6.6kWh | 总费用：57097.44元
2025-03-07完成 | 滚动常规 | q=0.70 | SOC：10800.0->10800.0 | 临时购电：13.0kWh | 总费用：21708.57元
2025-03-08完成 | 滚动常规 | q=0.70 | SOC：10800.0->10560.0 | 临时购电：61.2kWh | 总费用：20133.23元
2025-03-09完成 | 滚动常规 | q=0.70 | SOC：10560.0->10740.0 | 临时购电：15.5kWh | 总费用：54920.42元
2025-03-10完成 | 滚动常规 | q=0.70 | SOC：10740.0->10650.0 | 临时购电：16.9kWh | 总费用：52105.98元
2025-03-11完成 | 滚动常规 | q=0.70 | SOC：10650.0->10800.0 | 临时购电：31.6kWh | 总费用：53417.14元
2025-03-12完成 | 滚动常规 | q=0.70 | SOC：10800.0->10740.0 | 临时购电：15.1kWh | 总费用：53273.54元
2025-03-13完成 | 滚动常规 | q=0.70 | SOC：10740.0->10500.0 | 临时购电：40.3kWh | 总费用：52036.33元
2025-03-14完成 | 滚动常规 | q=0.70 | SOC：10500.0->10650.0 | 临时购电：79.8kWh | 总费用：18939.47元
2025-03-15完成 | 滚动常规 | q=0.70 | SOC：10650.0->10410.0 | 临时购电：94.9kWh | 总费用：19445.49元
2025-03-16完成 | 滚动常规 | q=0.70 | SOC：10410.0->10800.0 | 临时购电：19.8kWh | 总费用：53469.62元
2025-03-17完成 | 滚动常规 | q=0.70 | SOC：10800.0->10800.0 | 临时购电：26.2kWh | 总费用：50967.64元
2025-03-18完成 | 滚动常规 | q=0.70 | SOC：10800.0->10800.0 | 临时购电：7.6kWh | 总费用：50424.28元
2025-03-19完成 | 滚动常规 | q=0.70 | SOC：10800.0->10800.0 | 临时购电：9.4kWh | 总费用：51069.30元
2025-03-20完成 | 滚动常规 | q=0.70 | SOC：10800.0->10740.0 | 临时购电：21.1kWh | 总费用：50402.83元
2025-03-21完成 | 滚动常规 | q=0.70 | SOC：10740.0->10530.0 | 临时购电：30.2kWh | 总费用：18546.08元
2025-03-22完成 | 滚动常规 | q=0.70 | SOC：10530.0->10800.0 | 临时购电：76.9kWh | 总费用：19144.77元
2025-03-23完成 | 滚动常规 | q=0.70 | SOC：10800.0->10800.0 | 临时购电：12.9kWh | 总费用：49905.61元
2025-03-24完成 | 滚动常规 | q=0.70 | SOC：10800.0->10800.0 | 临时购电：6.9kWh | 总费用：50493.39元
2025-03-25完成 | 滚动常规 | q=0.70 | SOC：10800.0->10620.0 | 临时购电：37.8kWh | 总费用：47714.31元
2025-03-26完成 | 滚动常规 | q=0.70 | SOC：10620.0->10740.0 | 临时购电：12.6kWh | 总费用：48232.70元
2025-03-27完成 | 滚动常规 | q=0.70 | SOC：10740.0->10770.0 | 临时购电：30.6kWh | 总费用：47178.33元
2025-03-28完成 | 滚动常规 | q=0.70 | SOC：10770.0->10800.0 | 临时购电：35.1kWh | 总费用：18449.20元
2025-03-29完成 | 滚动常规 | q=0.70 | SOC：10800.0->10800.0 | 临时购电：30.2kWh | 总费用：17819.76元
2025-03-30完成 | 滚动常规 | q=0.70 | SOC：10800.0->10800.0 | 临时购电：49.0kWh | 总费用：48026.07元
2025-03-31完成 | 滚动常规 | q=0.70 | SOC：10800.0->10800.0 | 临时购电：5.2kWh | 总费用：48575.27元
2025-04-01完成 | 滚动常规 | q=0.70 | SOC：10800.0->10800.0 | 临时购电：32.5kWh | 总费用：47019.18元
2025-04-02完成 | 滚动常规 | q=0.70 | SOC：10800.0->10800.0 | 临时购电：18.6kWh | 总费用：47523.83元
2025-04-03完成 | 滚动常规 | q=0.70 | SOC：10800.0->10800.0 | 临时购电：26.0kWh | 总费用：47532.06元
2025-04-04完成 | 滚动常规 | q=0.70 | SOC：10800.0->10800.0 | 临时购电：49.3kWh | 总费用：17629.63元
2025-04-05完成 | 滚动常规 | q=0.70 | SOC：10800.0->10800.0 | 临时购电：53.1kWh | 总费用：17378.99元
2025-04-06完成 | 滚动常规 | q=0.70 | SOC：10800.0->10800.0 | 临时购电：33.1kWh | 总费用：48294.19元
2025-04-07完成 | 滚动常规 | q=0.70 | SOC：10800.0->10800.0 | 临时购电：10.9kWh | 总费用：45709.66元
2025-04-08完成 | 滚动常规 | q=0.70 | SOC：10800.0->10800.0 | 临时购电：38.2kWh | 总费用：45634.09元
2025-04-09完成 | 滚动常规 | q=0.70 | SOC：10800.0->10800.0 | 临时购电：22.3kWh | 总费用：45110.27元
2025-04-10完成 | 滚动常规 | q=0.70 | SOC：10800.0->10800.0 | 临时购电：19.6kWh | 总费用：46424.77元
2025-04-11完成 | 滚动常规 | q=0.70 | SOC：10800.0->10800.0 | 临时购电：58.0kWh | 总费用：16848.11元
2025-04-12完成 | 滚动常规 | q=0.70 | SOC：10800.0->10800.0 | 临时购电：55.4kWh | 总费用：17230.09元
2025-04-13完成 | 滚动常规 | q=0.70 | SOC：10800.0->10800.0 | 临时购电：16.6kWh | 总费用：44707.46元
2025-04-14完成 | 滚动常规 | q=0.70 | SOC：10800.0->10680.0 | 临时购电：50.0kWh | 总费用：44313.12元
2025-04-15完成 | 滚动常规 | q=0.70 | SOC：10680.0->10800.0 | 临时购电：7.8kWh | 总费用：44822.08元
2025-04-16完成 | 滚动常规 | q=0.70 | SOC：10800.0->10800.0 | 临时购电：16.7kWh | 总费用：43257.89元
2025-04-17完成 | 滚动常规 | q=0.70 | SOC：10800.0->10800.0 | 临时购电：13.4kWh | 总费用：44082.84元
2025-04-18完成 | 滚动常规 | q=0.70 | SOC：10800.0->10800.0 | 临时购电：46.6kWh | 总费用：16456.30元
2025-04-19完成 | 滚动常规 | q=0.70 | SOC：10800.0->10800.0 | 临时购电：70.8kWh | 总费用：16495.46元
2025-04-20完成 | 滚动常规 | q=0.70 | SOC：10800.0->10800.0 | 临时购电：4.3kWh | 总费用：42899.93元
2025-04-21完成 | 滚动常规 | q=0.70 | SOC：10800.0->10770.0 | 临时购电：7.7kWh | 总费用：43946.88元
2025-04-22完成 | 滚动常规 | q=0.70 | SOC：10770.0->10800.0 | 临时购电：20.6kWh | 总费用：44299.29元
2025-04-23完成 | 滚动常规 | q=0.70 | SOC：10800.0->10800.0 | 临时购电：25.0kWh | 总费用：42948.67元
2025-04-24完成 | 滚动常规 | q=0.70 | SOC：10800.0->10800.0 | 临时购电：7.9kWh | 总费用：42418.34元
2025-04-25完成 | 滚动常规 | q=0.70 | SOC：10800.0->10800.0 | 临时购电：50.7kWh | 总费用：15445.07元
2025-04-26完成 | 滚动常规 | q=0.70 | SOC：10800.0->10800.0 | 临时购电：49.9kWh | 总费用：15592.55元
2025-04-27完成 | 滚动常规 | q=0.70 | SOC：10800.0->10800.0 | 临时购电：37.9kWh | 总费用：40000.12元
2025-04-28完成 | 滚动常规 | q=0.70 | SOC：10800.0->10800.0 | 临时购电：11.6kWh | 总费用：42374.14元
2025-04-29完成 | 滚动常规 | q=0.70 | SOC：10800.0->10800.0 | 临时购电：25.1kWh | 总费用：42379.80元
2025-04-30完成 | 滚动常规 | q=0.70 | SOC：10800.0->10800.0 | 临时购电：30.7kWh | 总费用：42581.67元
2025-05-01完成 | 滚动常规 | q=0.70 | SOC：10800.0->9780.0 | 临时购电：581.0kWh | 总费用：45496.71元
2025-05-02完成 | 滚动常规 | q=0.70 | SOC：9780.0->9900.0 | 临时购电：703.5kWh | 总费用：19814.78元
2025-05-03完成 | 滚动常规 | q=0.70 | SOC：9900.0->10080.0 | 临时购电：847.3kWh | 总费用：20406.05元
2025-05-04完成 | 滚动常规 | q=0.70 | SOC：10080.0->9990.0 | 临时购电：614.4kWh | 总费用：45759.35元
2025-05-05完成 | 滚动常规 | q=0.70 | SOC：9990.0->10110.0 | 临时购电：333.3kWh | 总费用：43584.13元
2025-05-06完成 | 滚动常规 | q=0.70 | SOC：10110.0->9810.0 | 临时购电：393.4kWh | 总费用：44204.78元
2025-05-07完成 | 滚动常规 | q=0.70 | SOC：9810.0->10020.0 | 临时购电：431.6kWh | 总费用：46992.65元
2025-05-08完成 | 滚动常规 | q=0.70 | SOC：10020.0->10140.0 | 临时购电：88.8kWh | 总费用：45789.79元
2025-05-09完成 | 滚动常规 | q=0.70 | SOC：10140.0->10260.0 | 临时购电：109.6kWh | 总费用：17296.54元
2025-05-10完成 | 滚动常规 | q=0.70 | SOC：10260.0->10080.0 | 临时购电：100.3kWh | 总费用：17184.50元
2025-05-11完成 | 滚动常规 | q=0.70 | SOC：10080.0->10230.0 | 临时购电：199.0kWh | 总费用：46508.38元
2025-05-12完成 | 滚动常规 | q=0.70 | SOC：10230.0->10560.0 | 临时购电：32.8kWh | 总费用：44753.22元
2025-05-13完成 | 滚动常规 | q=0.70 | SOC：10560.0->10500.0 | 临时购电：38.2kWh | 总费用：45105.21元
2025-05-14完成 | 滚动常规 | q=0.70 | SOC：10500.0->10470.0 | 临时购电：43.3kWh | 总费用：44834.08元
2025-05-15完成 | 滚动常规 | q=0.70 | SOC：10470.0->10800.0 | 临时购电：20.9kWh | 总费用：44405.39元
2025-05-16完成 | 滚动常规 | q=0.70 | SOC：10800.0->10800.0 | 临时购电：20.7kWh | 总费用：16985.85元
2025-05-17完成 | 滚动常规 | q=0.70 | SOC：10800.0->10650.0 | 临时购电：50.6kWh | 总费用：17149.73元
2025-05-18完成 | 滚动常规 | q=0.70 | SOC：10650.0->10800.0 | 临时购电：66.8kWh | 总费用：43691.81元
2025-05-19完成 | 滚动常规 | q=0.70 | SOC：10800.0->10740.0 | 临时购电：137.3kWh | 总费用：44320.47元
2025-05-20完成 | 滚动常规 | q=0.70 | SOC：10740.0->10680.0 | 临时购电：62.9kWh | 总费用：42159.90元
2025-05-21完成 | 滚动常规 | q=0.70 | SOC：10680.0->10800.0 | 临时购电：13.0kWh | 总费用：42660.67元
2025-05-22完成 | 滚动常规 | q=0.70 | SOC：10800.0->10800.0 | 临时购电：19.0kWh | 总费用：42562.48元
2025-05-23完成 | 滚动常规 | q=0.70 | SOC：10800.0->10800.0 | 临时购电：44.1kWh | 总费用：17609.88元
2025-05-24完成 | 滚动常规 | q=0.70 | SOC：10800.0->10800.0 | 临时购电：38.5kWh | 总费用：17831.45元
2025-05-25完成 | 滚动常规 | q=0.70 | SOC：10800.0->10800.0 | 临时购电：17.8kWh | 总费用：42681.93元
2025-05-26完成 | 滚动常规 | q=0.70 | SOC：10800.0->10800.0 | 临时购电：56.8kWh | 总费用：44126.51元
2025-05-27完成 | 滚动常规 | q=0.70 | SOC：10800.0->10800.0 | 临时购电：6.6kWh | 总费用：42736.65元
2025-05-28完成 | 滚动常规 | q=0.70 | SOC：10800.0->10800.0 | 临时购电：41.0kWh | 总费用：42513.33元
2025-05-29完成 | 滚动常规 | q=0.70 | SOC：10800.0->10800.0 | 临时购电：30.6kWh | 总费用：43140.61元
2025-05-30完成 | 滚动常规 | q=0.70 | SOC：10800.0->10800.0 | 临时购电：24.7kWh | 总费用：17907.80元
2025-05-31完成 | 滚动常规 | q=0.70 | SOC：10800.0->10770.0 | 临时购电：100.4kWh | 总费用：18162.44元
2025-06-01完成 | 滚动常规 | q=0.70 | SOC：10770.0->9570.0 | 临时购电：2308.2kWh | 总费用：56457.99元
2025-06-02完成 | 滚动高风险 | q=0.85 | SOC：9570.0->9630.0 | 临时购电：1378.2kWh | 总费用：56069.63元
2025-06-03完成 | 滚动高风险 | q=0.85 | SOC：9630.0->9870.0 | 临时购电：399.0kWh | 总费用：51916.63元
2025-06-04完成 | 滚动高风险 | q=0.85 | SOC：9870.0->9930.0 | 临时购电：431.1kWh | 总费用：52832.45元
2025-06-05完成 | 滚动高风险 | q=0.85 | SOC：9930.0->10050.0 | 临时购电：498.9kWh | 总费用：54342.35元
2025-06-06完成 | 滚动常规 | q=0.70 | SOC：10050.0->9450.0 | 临时购电：4328.1kWh | 总费用：39789.54元
2025-06-07完成 | 滚动高风险 | q=0.85 | SOC：9450.0->9990.0 | 临时购电：384.5kWh | 总费用：24436.25元
2025-06-08完成 | 滚动高风险 | q=0.85 | SOC：9990.0->10800.0 | 临时购电：7.4kWh | 总费用：61455.99元
2025-06-09完成 | 滚动高风险 | q=0.85 | SOC：10800.0->10800.0 | 临时购电：12.4kWh | 总费用：59001.34元
2025-06-10完成 | 滚动常规 | q=0.75 | SOC：10800.0->10590.0 | 临时购电：99.7kWh | 总费用：55583.30元
2025-06-11完成 | 滚动常规 | q=0.75 | SOC：10590.0->10590.0 | 临时购电：169.4kWh | 总费用：56036.46元
2025-06-12完成 | 滚动常规 | q=0.75 | SOC：10590.0->10740.0 | 临时购电：60.6kWh | 总费用：56717.86元
2025-06-13完成 | 滚动常规 | q=0.75 | SOC：10740.0->10440.0 | 临时购电：164.9kWh | 总费用：22251.21元
2025-06-14完成 | 滚动常规 | q=0.75 | SOC：10440.0->10680.0 | 临时购电：198.2kWh | 总费用：23324.42元
2025-06-15完成 | 滚动常规 | q=0.75 | SOC：10680.0->10800.0 | 临时购电：11.2kWh | 总费用：59132.75元
2025-06-16完成 | 滚动常规 | q=0.75 | SOC：10800.0->10800.0 | 临时购电：9.0kWh | 总费用：59239.10元
2025-06-17完成 | 滚动常规 | q=0.75 | SOC：10800.0->10800.0 | 临时购电：103.0kWh | 总费用：58150.49元
2025-06-18完成 | 滚动常规 | q=0.75 | SOC：10800.0->10800.0 | 临时购电：10.3kWh | 总费用：58101.27元
2025-06-19完成 | 滚动常规 | q=0.75 | SOC：10800.0->10800.0 | 临时购电：57.2kWh | 总费用：59476.59元
2025-06-20完成 | 滚动常规 | q=0.75 | SOC：10800.0->10800.0 | 临时购电：88.5kWh | 总费用：24399.11元
2025-06-21完成 | 滚动常规 | q=0.75 | SOC：10800.0->10800.0 | 临时购电：99.4kWh | 总费用：24831.13元
2025-06-22完成 | 滚动常规 | q=0.75 | SOC：10800.0->10800.0 | 临时购电：26.4kWh | 总费用：57256.09元
2025-06-23完成 | 滚动常规 | q=0.75 | SOC：10800.0->10800.0 | 临时购电：10.0kWh | 总费用：56070.13元
2025-06-24完成 | 滚动常规 | q=0.75 | SOC：10800.0->10800.0 | 临时购电：70.3kWh | 总费用：55554.21元
2025-06-25完成 | 滚动常规 | q=0.75 | SOC：10800.0->10800.0 | 临时购电：28.6kWh | 总费用：56107.17元
2025-06-26完成 | 滚动常规 | q=0.75 | SOC：10800.0->10800.0 | 临时购电：20.5kWh | 总费用：56921.31元
2025-06-27完成 | 滚动常规 | q=0.75 | SOC：10800.0->10800.0 | 临时购电：141.2kWh | 总费用：23853.02元
2025-06-28完成 | 滚动常规 | q=0.75 | SOC：10800.0->10800.0 | 临时购电：120.2kWh | 总费用：24226.99元
2025-06-29完成 | 滚动常规 | q=0.75 | SOC：10800.0->10800.0 | 临时购电：19.1kWh | 总费用：56665.12元
2025-06-30完成 | 滚动常规 | q=0.75 | SOC：10800.0->10740.0 | 临时购电：44.5kWh | 总费用：57043.24元
2025-07-01完成 | 滚动常规 | q=0.75 | SOC：10740.0->9630.0 | 临时购电：3178.7kWh | 总费用：64532.79元
2025-07-02完成 | 滚动高风险 | q=0.85 | SOC：9630.0->9780.0 | 临时购电：669.8kWh | 总费用：56503.26元
2025-07-03完成 | 滚动高风险 | q=0.85 | SOC：9780.0->9900.0 | 临时购电：2399.5kWh | 总费用：63919.38元
2025-07-04完成 | 滚动高风险 | q=0.85 | SOC：9900.0->9600.0 | 临时购电：2432.2kWh | 总费用：33289.08元
2025-07-05完成 | 滚动高风险 | q=0.85 | SOC：9600.0->9720.0 | 临时购电：2985.0kWh | 总费用：37085.67元
2025-07-06完成 | 滚动高风险 | q=0.85 | SOC：9720.0->9780.0 | 临时购电：6403.5kWh | 总费用：77681.86元
2025-07-07完成 | 滚动高风险 | q=0.85 | SOC：9780.0->9780.0 | 临时购电：580.5kWh | 总费用：52384.21元
2025-07-08完成 | 滚动高风险 | q=0.85 | SOC：9780.0->10800.0 | 临时购电：39.8kWh | 总费用：60080.97元
2025-07-09完成 | 滚动高风险 | q=0.85 | SOC：10800.0->10800.0 | 临时购电：22.5kWh | 总费用：61335.77元
2025-07-10完成 | 滚动常规 | q=0.75 | SOC：10800.0->10650.0 | 临时购电：122.7kWh | 总费用：54971.48元
2025-07-11完成 | 滚动常规 | q=0.75 | SOC：10650.0->10740.0 | 临时购电：169.6kWh | 总费用：27235.83元
2025-07-12完成 | 滚动常规 | q=0.75 | SOC：10740.0->10590.0 | 临时购电：95.6kWh | 总费用：26771.40元
2025-07-13完成 | 滚动常规 | q=0.80 | SOC：10590.0->10800.0 | 临时购电：96.8kWh | 总费用：55314.07元
2025-07-14完成 | 滚动常规 | q=0.80 | SOC：10800.0->10800.0 | 临时购电：19.3kWh | 总费用：55484.44元
2025-07-15完成 | 滚动常规 | q=0.80 | SOC：10800.0->10800.0 | 临时购电：15.7kWh | 总费用：56996.64元
2025-07-16完成 | 滚动常规 | q=0.80 | SOC：10800.0->10800.0 | 临时购电：53.5kWh | 总费用：55294.54元
2025-07-17完成 | 滚动常规 | q=0.80 | SOC：10800.0->10800.0 | 临时购电：69.7kWh | 总费用：54679.33元
2025-07-18完成 | 滚动常规 | q=0.80 | SOC：10800.0->10800.0 | 临时购电：179.9kWh | 总费用：28328.93元
2025-07-19完成 | 滚动常规 | q=0.80 | SOC：10800.0->10800.0 | 临时购电：39.2kWh | 总费用：28107.46元
2025-07-20完成 | 滚动常规 | q=0.80 | SOC：10800.0->10800.0 | 临时购电：8.8kWh | 总费用：56549.66元
2025-07-21完成 | 滚动常规 | q=0.80 | SOC：10800.0->10800.0 | 临时购电：19.8kWh | 总费用：55928.37元
2025-07-22完成 | 滚动常规 | q=0.80 | SOC：10800.0->10800.0 | 临时购电：22.5kWh | 总费用：57651.25元
2025-07-23完成 | 滚动常规 | q=0.80 | SOC：10800.0->10800.0 | 临时购电：20.9kWh | 总费用：56652.47元
2025-07-24完成 | 滚动常规 | q=0.80 | SOC：10800.0->10800.0 | 临时购电：97.4kWh | 总费用：56243.18元
2025-07-25完成 | 滚动常规 | q=0.80 | SOC：10800.0->10800.0 | 临时购电：112.9kWh | 总费用：28055.69元
2025-07-26完成 | 滚动常规 | q=0.80 | SOC：10800.0->10800.0 | 临时购电：38.0kWh | 总费用：28275.37元
2025-07-27完成 | 滚动常规 | q=0.80 | SOC：10800.0->10800.0 | 临时购电：391.6kWh | 总费用：57880.58元
2025-07-28完成 | 滚动常规 | q=0.80 | SOC：10800.0->10800.0 | 临时购电：456.5kWh | 总费用：56662.58元
2025-07-29完成 | 滚动常规 | q=0.80 | SOC：10800.0->10800.0 | 临时购电：21.5kWh | 总费用：57472.36元
2025-07-30完成 | 滚动常规 | q=0.80 | SOC：10800.0->10800.0 | 临时购电：24.5kWh | 总费用：55664.00元
2025-07-31完成 | 滚动常规 | q=0.80 | SOC：10800.0->10800.0 | 临时购电：26.0kWh | 总费用：56525.37元
2025-08-01完成 | 滚动常规 | q=0.80 | SOC：10800.0->10800.0 | 临时购电：13.6kWh | 总费用：27332.13元
2025-08-02完成 | 滚动常规 | q=0.80 | SOC：10800.0->10800.0 | 临时购电：7.7kWh | 总费用：27393.94元
2025-08-03完成 | 滚动常规 | q=0.80 | SOC：10800.0->10800.0 | 临时购电：43.8kWh | 总费用：53345.84元
2025-08-04完成 | 滚动常规 | q=0.80 | SOC：10800.0->10800.0 | 临时购电：33.7kWh | 总费用：50629.39元
2025-08-05完成 | 滚动常规 | q=0.75 | SOC：10800.0->10800.0 | 临时购电：22.1kWh | 总费用：49621.14元
2025-08-06完成 | 滚动常规 | q=0.75 | SOC：10800.0->10800.0 | 临时购电：974.8kWh | 总费用：52559.09元
2025-08-07完成 | 滚动常规 | q=0.75 | SOC：10800.0->10800.0 | 临时购电：65.9kWh | 总费用：48078.78元
2025-08-08完成 | 滚动常规 | q=0.75 | SOC：10800.0->10800.0 | 临时购电：26.6kWh | 总费用：26040.32元
2025-08-09完成 | 滚动常规 | q=0.75 | SOC：10800.0->10800.0 | 临时购电：169.4kWh | 总费用：26267.73元
2025-08-10完成 | 滚动常规 | q=0.75 | SOC：10800.0->10800.0 | 临时购电：61.8kWh | 总费用：49968.95元
2025-08-11完成 | 滚动常规 | q=0.75 | SOC：10800.0->10800.0 | 临时购电：46.0kWh | 总费用：50523.99元
2025-08-12完成 | 滚动常规 | q=0.70 | SOC：10800.0->10740.0 | 临时购电：211.0kWh | 总费用：48979.48元
2025-08-13完成 | 滚动常规 | q=0.70 | SOC：10740.0->10800.0 | 临时购电：173.1kWh | 总费用：48612.29元
2025-08-14完成 | 滚动常规 | q=0.70 | SOC：10800.0->10800.0 | 临时购电：98.4kWh | 总费用：50111.53元
2025-08-15完成 | 滚动常规 | q=0.70 | SOC：10800.0->10800.0 | 临时购电：64.2kWh | 总费用：25285.04元
2025-08-16完成 | 滚动常规 | q=0.70 | SOC：10800.0->10800.0 | 临时购电：62.5kWh | 总费用：25408.45元
2025-08-17完成 | 滚动常规 | q=0.70 | SOC：10800.0->10800.0 | 临时购电：50.3kWh | 总费用：49193.86元
2025-08-18完成 | 滚动常规 | q=0.70 | SOC：10800.0->10800.0 | 临时购电：64.8kWh | 总费用：50506.10元
2025-08-19完成 | 滚动常规 | q=0.70 | SOC：10800.0->10800.0 | 临时购电：66.6kWh | 总费用：48593.68元
2025-08-20完成 | 滚动常规 | q=0.70 | SOC：10800.0->10800.0 | 临时购电：1945.7kWh | 总费用：55993.93元
2025-08-21完成 | 滚动高风险 | q=0.85 | SOC：10800.0->10800.0 | 临时购电：2.4kWh | 总费用：52732.97元
2025-08-22完成 | 滚动高风险 | q=0.85 | SOC：10800.0->10800.0 | 临时购电：152.0kWh | 总费用：27277.32元
2025-08-23完成 | 滚动高风险 | q=0.85 | SOC：10800.0->10800.0 | 临时购电：17.3kWh | 总费用：26681.67元
2025-08-24完成 | 滚动常规 | q=0.70 | SOC：10800.0->10800.0 | 临时购电：71.0kWh | 总费用：49019.11元
2025-08-25完成 | 滚动常规 | q=0.70 | SOC：10800.0->10800.0 | 临时购电：1365.6kWh | 总费用：54767.16元
2025-08-26完成 | 滚动高风险 | q=0.85 | SOC：10800.0->10800.0 | 临时购电：15.4kWh | 总费用：52873.35元
2025-08-27完成 | 滚动高风险 | q=0.85 | SOC：10800.0->10800.0 | 临时购电：18.8kWh | 总费用：51851.82元
2025-08-28完成 | 滚动高风险 | q=0.85 | SOC：10800.0->10800.0 | 临时购电：101.5kWh | 总费用：53392.98元
2025-08-29完成 | 滚动常规 | q=0.70 | SOC：10800.0->10800.0 | 临时购电：223.6kWh | 总费用：27159.41元
2025-08-30完成 | 滚动常规 | q=0.70 | SOC：10800.0->10800.0 | 临时购电：88.9kWh | 总费用：26569.75元
2025-08-31完成 | 滚动常规 | q=0.70 | SOC：10800.0->10800.0 | 临时购电：150.7kWh | 总费用：49594.14元
2025-09-01完成 | 滚动常规 | q=0.70 | SOC：10800.0->10800.0 | 临时购电：28.8kWh | 总费用：47617.31元
2025-09-02完成 | 滚动常规 | q=0.70 | SOC：10800.0->10800.0 | 临时购电：45.7kWh | 总费用：48682.58元
2025-09-03完成 | 滚动常规 | q=0.70 | SOC：10800.0->10800.0 | 临时购电：24.0kWh | 总费用：48193.88元
2025-09-04完成 | 滚动常规 | q=0.70 | SOC：10800.0->10800.0 | 临时购电：40.6kWh | 总费用：48189.31元
2025-09-05完成 | 滚动常规 | q=0.70 | SOC：10800.0->10800.0 | 临时购电：17.4kWh | 总费用：25571.54元
2025-09-06完成 | 滚动常规 | q=0.70 | SOC：10800.0->10800.0 | 临时购电：4.0kWh | 总费用：26067.69元
2025-09-07完成 | 滚动常规 | q=0.70 | SOC：10800.0->10800.0 | 临时购电：110.2kWh | 总费用：47842.12元
2025-09-08完成 | 滚动常规 | q=0.70 | SOC：10800.0->10800.0 | 临时购电：3140.8kWh | 总费用：53681.02元
2025-09-09完成 | 滚动高风险 | q=0.85 | SOC：10800.0->10800.0 | 临时购电：21.8kWh | 总费用：46826.15元
2025-09-10完成 | 滚动高风险 | q=0.85 | SOC：10800.0->10800.0 | 临时购电：2130.4kWh | 总费用：54850.97元
2025-09-11完成 | 滚动高风险 | q=0.85 | SOC：10800.0->10800.0 | 临时购电：25.2kWh | 总费用：47297.53元
2025-09-12完成 | 滚动高风险 | q=0.85 | SOC：10800.0->10800.0 | 临时购电：65.2kWh | 总费用：23999.87元
2025-09-13完成 | 滚动高风险 | q=0.85 | SOC：10800.0->10800.0 | 临时购电：0.9kWh | 总费用：24530.80元
2025-09-14完成 | 滚动常规 | q=0.75 | SOC：10800.0->10800.0 | 临时购电：2762.8kWh | 总费用：53518.01元
2025-09-15完成 | 滚动高风险 | q=0.85 | SOC：10800.0->10800.0 | 临时购电：24.6kWh | 总费用：48464.95元
2025-09-16完成 | 滚动高风险 | q=0.85 | SOC：10800.0->10800.0 | 临时购电：61.4kWh | 总费用：48315.96元
2025-09-17完成 | 滚动高风险 | q=0.85 | SOC：10800.0->10800.0 | 临时购电：127.9kWh | 总费用：48758.75元
2025-09-18完成 | 滚动常规 | q=0.75 | SOC：10800.0->10800.0 | 临时购电：229.9kWh | 总费用：48304.54元
2025-09-19完成 | 滚动常规 | q=0.75 | SOC：10800.0->10800.0 | 临时购电：77.3kWh | 总费用：24009.52元
2025-09-20完成 | 滚动常规 | q=0.75 | SOC：10800.0->10800.0 | 临时购电：287.2kWh | 总费用：25021.17元
2025-09-21完成 | 滚动常规 | q=0.75 | SOC：10800.0->10800.0 | 临时购电：73.6kWh | 总费用：47220.16元
2025-09-22完成 | 滚动常规 | q=0.70 | SOC：10800.0->10800.0 | 临时购电：90.4kWh | 总费用：44766.23元
2025-09-23完成 | 滚动常规 | q=0.70 | SOC：10800.0->10800.0 | 临时购电：429.0kWh | 总费用：45810.03元
2025-09-24完成 | 滚动常规 | q=0.70 | SOC：10800.0->10800.0 | 临时购电：425.9kWh | 总费用：46254.10元
2025-09-25完成 | 滚动常规 | q=0.70 | SOC：10800.0->10800.0 | 临时购电：76.4kWh | 总费用：44865.53元
2025-09-26完成 | 滚动常规 | q=0.70 | SOC：10800.0->10800.0 | 临时购电：45.9kWh | 总费用：21155.08元
2025-09-27完成 | 滚动常规 | q=0.70 | SOC：10800.0->10770.0 | 临时购电：380.9kWh | 总费用：22520.46元
2025-09-28完成 | 滚动常规 | q=0.70 | SOC：10770.0->10800.0 | 临时购电：861.7kWh | 总费用：48697.04元
2025-09-29完成 | 滚动常规 | q=0.70 | SOC：10800.0->10800.0 | 临时购电：134.3kWh | 总费用：45757.97元
2025-09-30完成 | 滚动常规 | q=0.70 | SOC：10800.0->10800.0 | 临时购电：2428.4kWh | 总费用：54923.35元
2025-10-01完成 | 滚动高风险 | q=0.85 | SOC：10800.0->10800.0 | 临时购电：8.0kWh | 总费用：53688.37元
2025-10-02完成 | 滚动高风险 | q=0.85 | SOC：10800.0->10800.0 | 临时购电：12.8kWh | 总费用：51690.60元
2025-10-03完成 | 滚动高风险 | q=0.85 | SOC：10800.0->10800.0 | 临时购电：4.4kWh | 总费用：21630.16元
2025-10-04完成 | 滚动常规 | q=0.70 | SOC：10800.0->10800.0 | 临时购电：35.1kWh | 总费用：21251.64元
2025-10-05完成 | 滚动常规 | q=0.70 | SOC：10800.0->10800.0 | 临时购电：57.6kWh | 总费用：47652.43元
2025-10-06完成 | 滚动常规 | q=0.70 | SOC：10800.0->10800.0 | 临时购电：18.5kWh | 总费用：48232.86元
2025-10-07完成 | 滚动常规 | q=0.70 | SOC：10800.0->10800.0 | 临时购电：40.9kWh | 总费用：47870.60元
2025-10-08完成 | 滚动常规 | q=0.70 | SOC：10800.0->10800.0 | 临时购电：34.1kWh | 总费用：48617.40元
2025-10-09完成 | 滚动常规 | q=0.70 | SOC：10800.0->10800.0 | 临时购电：23.3kWh | 总费用：47563.54元
2025-10-10完成 | 滚动常规 | q=0.70 | SOC：10800.0->10800.0 | 临时购电：61.7kWh | 总费用：19457.63元
2025-10-11完成 | 滚动常规 | q=0.70 | SOC：10800.0->10800.0 | 临时购电：44.1kWh | 总费用：20405.71元
2025-10-12完成 | 滚动常规 | q=0.70 | SOC：10800.0->10800.0 | 临时购电：69.2kWh | 总费用：48394.08元
2025-10-13完成 | 滚动常规 | q=0.70 | SOC：10800.0->10800.0 | 临时购电：10.7kWh | 总费用：47726.57元
2025-10-14完成 | 滚动常规 | q=0.70 | SOC：10800.0->10800.0 | 临时购电：52.2kWh | 总费用：48316.43元
2025-10-15完成 | 滚动常规 | q=0.70 | SOC：10800.0->10800.0 | 临时购电：28.0kWh | 总费用：49647.66元
2025-10-16完成 | 滚动常规 | q=0.70 | SOC：10800.0->10800.0 | 临时购电：31.3kWh | 总费用：49372.56元
2025-10-17完成 | 滚动常规 | q=0.70 | SOC：10800.0->10800.0 | 临时购电：60.8kWh | 总费用：19948.79元
2025-10-18完成 | 滚动常规 | q=0.70 | SOC：10800.0->10800.0 | 临时购电：47.6kWh | 总费用：20016.63元
2025-10-19完成 | 滚动常规 | q=0.70 | SOC：10800.0->10800.0 | 临时购电：69.6kWh | 总费用：50208.45元
2025-10-20完成 | 滚动常规 | q=0.70 | SOC：10800.0->10800.0 | 临时购电：12.5kWh | 总费用：50893.57元
2025-10-21完成 | 滚动常规 | q=0.70 | SOC：10800.0->10800.0 | 临时购电：65.4kWh | 总费用：52319.73元
2025-10-22完成 | 滚动常规 | q=0.70 | SOC：10800.0->10800.0 | 临时购电：44.9kWh | 总费用：50214.49元
2025-10-23完成 | 滚动常规 | q=0.70 | SOC：10800.0->10800.0 | 临时购电：32.3kWh | 总费用：50420.67元
2025-10-24完成 | 滚动常规 | q=0.70 | SOC：10800.0->10650.0 | 临时购电：108.5kWh | 总费用：19228.19元
2025-10-25完成 | 滚动常规 | q=0.70 | SOC：10650.0->10770.0 | 临时购电：54.3kWh | 总费用：19553.18元
2025-10-26完成 | 滚动常规 | q=0.70 | SOC：10770.0->10800.0 | 临时购电：23.0kWh | 总费用：51218.08元
2025-10-27完成 | 滚动常规 | q=0.70 | SOC：10800.0->10800.0 | 临时购电：47.1kWh | 总费用：50768.13元
2025-10-28完成 | 滚动常规 | q=0.70 | SOC：10800.0->10800.0 | 临时购电：18.0kWh | 总费用：50890.54元
2025-10-29完成 | 滚动常规 | q=0.70 | SOC：10800.0->10680.0 | 临时购电：37.9kWh | 总费用：49972.77元
2025-10-30完成 | 滚动常规 | q=0.70 | SOC：10680.0->10800.0 | 临时购电：21.3kWh | 总费用：51413.04元
2025-10-31完成 | 滚动常规 | q=0.70 | SOC：10800.0->10650.0 | 临时购电：129.8kWh | 总费用：19708.54元
2025-11-01完成 | 滚动常规 | q=0.70 | SOC：10650.0->10800.0 | 临时购电：92.6kWh | 总费用：19989.45元
2025-11-02完成 | 滚动常规 | q=0.70 | SOC：10800.0->10710.0 | 临时购电：23.8kWh | 总费用：52410.11元
2025-11-03完成 | 滚动常规 | q=0.70 | SOC：10710.0->10800.0 | 临时购电：18.5kWh | 总费用：52808.46元
2025-11-04完成 | 滚动常规 | q=0.70 | SOC：10800.0->10680.0 | 临时购电：49.0kWh | 总费用：52876.96元
2025-11-05完成 | 滚动常规 | q=0.70 | SOC：10680.0->10800.0 | 临时购电：19.8kWh | 总费用：53528.40元
2025-11-06完成 | 滚动常规 | q=0.70 | SOC：10800.0->10800.0 | 临时购电：60.2kWh | 总费用：53254.83元
2025-11-07完成 | 滚动常规 | q=0.70 | SOC：10800.0->10800.0 | 临时购电：78.8kWh | 总费用：20112.52元
2025-11-08完成 | 滚动常规 | q=0.70 | SOC：10800.0->10800.0 | 临时购电：49.6kWh | 总费用：20059.97元
2025-11-09完成 | 滚动常规 | q=0.70 | SOC：10800.0->10800.0 | 临时购电：32.5kWh | 总费用：54215.72元
2025-11-10完成 | 滚动常规 | q=0.70 | SOC：10800.0->10800.0 | 临时购电：44.4kWh | 总费用：54890.65元
2025-11-11完成 | 滚动常规 | q=0.70 | SOC：10800.0->10800.0 | 临时购电：26.3kWh | 总费用：55083.03元
2025-11-12完成 | 滚动常规 | q=0.70 | SOC：10800.0->10800.0 | 临时购电：20.9kWh | 总费用：55603.75元
2025-11-13完成 | 滚动常规 | q=0.70 | SOC：10800.0->10800.0 | 临时购电：13.6kWh | 总费用：54307.46元
2025-11-14完成 | 滚动常规 | q=0.70 | SOC：10800.0->10800.0 | 临时购电：60.9kWh | 总费用：21010.83元
2025-11-15完成 | 滚动常规 | q=0.70 | SOC：10800.0->10770.0 | 临时购电：68.9kWh | 总费用：21116.10元
2025-11-16完成 | 滚动常规 | q=0.70 | SOC：10770.0->10800.0 | 临时购电：16.5kWh | 总费用：56356.63元
2025-11-17完成 | 滚动常规 | q=0.70 | SOC：10800.0->10800.0 | 临时购电：51.7kWh | 总费用：56688.53元
2025-11-18完成 | 滚动常规 | q=0.70 | SOC：10800.0->10800.0 | 临时购电：27.9kWh | 总费用：56498.26元
2025-11-19完成 | 滚动常规 | q=0.70 | SOC：10800.0->10800.0 | 临时购电：21.5kWh | 总费用：56876.16元
2025-11-20完成 | 滚动常规 | q=0.70 | SOC：10800.0->10800.0 | 临时购电：16.8kWh | 总费用：57144.04元
2025-11-21完成 | 滚动常规 | q=0.70 | SOC：10800.0->10800.0 | 临时购电：80.4kWh | 总费用：21733.34元
2025-11-22完成 | 滚动常规 | q=0.70 | SOC：10800.0->10800.0 | 临时购电：45.1kWh | 总费用：21894.97元
2025-11-23完成 | 滚动常规 | q=0.70 | SOC：10800.0->10800.0 | 临时购电：24.3kWh | 总费用：58110.52元
2025-11-24完成 | 滚动常规 | q=0.70 | SOC：10800.0->10800.0 | 临时购电：21.0kWh | 总费用：57930.38元
2025-11-25完成 | 滚动常规 | q=0.70 | SOC：10800.0->10800.0 | 临时购电：20.2kWh | 总费用：57254.10元
2025-11-26完成 | 滚动常规 | q=0.70 | SOC：10800.0->10800.0 | 临时购电：16.4kWh | 总费用：57962.82元
2025-11-27完成 | 滚动常规 | q=0.70 | SOC：10800.0->10800.0 | 临时购电：17.8kWh | 总费用：58954.59元
2025-11-28完成 | 滚动常规 | q=0.70 | SOC：10800.0->10800.0 | 临时购电：71.6kWh | 总费用：23050.98元
2025-11-29完成 | 滚动常规 | q=0.70 | SOC：10800.0->10800.0 | 临时购电：42.6kWh | 总费用：22803.94元
2025-11-30完成 | 滚动常规 | q=0.70 | SOC：10800.0->10800.0 | 临时购电：32.9kWh | 总费用：59650.20元
2025-12-01完成 | 滚动常规 | q=0.70 | SOC：10800.0->10800.0 | 临时购电：1346.8kWh | 总费用：65239.69元
2025-12-02完成 | 滚动高风险 | q=0.85 | SOC：10800.0->10800.0 | 临时购电：1572.1kWh | 总费用：69357.31元
2025-12-03完成 | 滚动高风险 | q=0.85 | SOC：10800.0->10800.0 | 临时购电：261.8kWh | 总费用：63234.20元
2025-12-04完成 | 滚动高风险 | q=0.85 | SOC：10800.0->10800.0 | 临时购电：541.3kWh | 总费用：65396.97元
2025-12-05完成 | 滚动高风险 | q=0.85 | SOC：10800.0->10800.0 | 临时购电：145.7kWh | 总费用：27310.57元
2025-12-06完成 | 滚动常规 | q=0.70 | SOC：10800.0->10470.0 | 临时购电：2626.9kWh | 总费用：32532.06元
2025-12-07完成 | 滚动高风险 | q=0.85 | SOC：10470.0->10800.0 | 临时购电：33.9kWh | 总费用：65488.52元
2025-12-08完成 | 滚动高风险 | q=0.85 | SOC：10800.0->10800.0 | 临时购电：13.9kWh | 总费用：71162.02元
2025-12-09完成 | 滚动高风险 | q=0.85 | SOC：10800.0->10800.0 | 临时购电：12.9kWh | 总费用：70668.23元
2025-12-10完成 | 滚动常规 | q=0.70 | SOC：10800.0->10800.0 | 临时购电：86.2kWh | 总费用：66341.57元
2025-12-11完成 | 滚动常规 | q=0.70 | SOC：10800.0->10800.0 | 临时购电：30.9kWh | 总费用：65985.21元
2025-12-12完成 | 滚动常规 | q=0.70 | SOC：10800.0->10800.0 | 临时购电：169.3kWh | 总费用：28375.24元
2025-12-13完成 | 滚动常规 | q=0.70 | SOC：10800.0->10800.0 | 临时购电：121.9kWh | 总费用：29065.97元
2025-12-14完成 | 滚动常规 | q=0.70 | SOC：10800.0->10800.0 | 临时购电：45.8kWh | 总费用：67535.13元
2025-12-15完成 | 滚动常规 | q=0.70 | SOC：10800.0->10800.0 | 临时购电：13.5kWh | 总费用：69119.13元
2025-12-16完成 | 滚动常规 | q=0.70 | SOC：10800.0->10800.0 | 临时购电：27.9kWh | 总费用：68849.83元
2025-12-17完成 | 滚动常规 | q=0.70 | SOC：10800.0->10800.0 | 临时购电：33.0kWh | 总费用：68321.95元
2025-12-18完成 | 滚动常规 | q=0.70 | SOC：10800.0->10800.0 | 临时购电：41.1kWh | 总费用：67724.03元
2025-12-19完成 | 滚动常规 | q=0.70 | SOC：10800.0->10800.0 | 临时购电：23.7kWh | 总费用：30316.24元
2025-12-20完成 | 滚动常规 | q=0.70 | SOC：10800.0->10800.0 | 临时购电：23.6kWh | 总费用：29888.03元
2025-12-21完成 | 滚动常规 | q=0.70 | SOC：10800.0->10800.0 | 临时购电：24.3kWh | 总费用：68576.35元
2025-12-22完成 | 滚动常规 | q=0.70 | SOC：10800.0->10710.0 | 临时购电：22.2kWh | 总费用：68195.58元
2025-12-23完成 | 滚动常规 | q=0.70 | SOC：10710.0->10800.0 | 临时购电：10.2kWh | 总费用：68833.81元
2025-12-24完成 | 滚动常规 | q=0.70 | SOC：10800.0->10800.0 | 临时购电：3.0kWh | 总费用：68257.39元
2025-12-25完成 | 滚动常规 | q=0.70 | SOC：10800.0->10800.0 | 临时购电：31.0kWh | 总费用：68720.39元
2025-12-26完成 | 滚动常规 | q=0.70 | SOC：10800.0->10800.0 | 临时购电：14.2kWh | 总费用：30025.30元
2025-12-27完成 | 滚动常规 | q=0.70 | SOC：10800.0->10800.0 | 临时购电：64.6kWh | 总费用：30257.85元
2025-12-28完成 | 滚动常规 | q=0.70 | SOC：10800.0->10800.0 | 临时购电：22.6kWh | 总费用：68506.45元
2025-12-29完成 | 滚动常规 | q=0.70 | SOC：10800.0->10800.0 | 临时购电：4.1kWh | 总费用：68211.39元
2025-12-30完成 | 滚动常规 | q=0.70 | SOC：10800.0->10800.0 | 临时购电：14.7kWh | 总费用：67949.86元
2025-12-31完成 | 滚动常规 | q=0.70 | SOC：10800.0->10680.0 | 临时购电：10.2kWh | 总费用：67533.17元

========== 问题二正式评价完成 ==========
正式评价区间：2025-02-01 至 2025-12-31
正式评价天数：334
未纳入评价的预热天数：31
日末库存价值系数：0.481548 元/kWh
计划购电费用：14750987.56 元
临时购电费用：307509.44 元
总费用：15058497.01 元
临时购电总量：70105.18 kWh
结果明细：C:\Users\LENOVO\Desktop\数模\C题\outputs\problem2_same_type_sweep_30\problem2_detail.csv
每日汇总：C:\Users\LENOVO\Desktop\数模\C题\outputs\problem2_same_type_sweep_30\problem2_daily_summary.csv
提交表格：C:\Users\LENOVO\Desktop\数模\C题\outputs\problem2_same_type_sweep_30\result2.xlsx
包含三张表：
  1. 计划购电量（日期×144时段）
  2. 充放电量（6个4小时时段）
  3. 紧急购电量（日期、购电时间段、购电量）
===== soc-step=30 总费用 = 15058497.01 元 =====

===== 开始运行 soc-step=35 =====
正式评价区间：2025-02-01 至 2025-12-31
正式评价天数：334
未纳入正式评价的预热日期：31天
日末库存价值系数：0.481548 元/kWh
预测安全修正：负荷×1.050，非夏季光伏×0.900，7至9月光伏×1.050
预测时间衰减系数：0.900
分解预测设置：同类型日最少3天，日总量趋势截断0.200，光伏最近7天
滚动偏差校准：回看30天，强度0.500
动态分位数：常规[0.5, 0.6, 0.7, 0.75, 0.8, 0.85, 0.9]，高风险[0.85, 0.9, 0.95]
滚动最优分位数：回看30天，最少历史7天，临时购电惩罚×5.0
2025-02-01完成 | 滚动常规 | q=0.90 | SOC：6000.0->10790.0 | 临时购电：8.9kWh | 总费用：32404.98元
2025-02-02完成 | 滚动常规 | q=0.90 | SOC：10790.0->10790.0 | 临时购电：0.3kWh | 总费用：67369.50元
2025-02-03完成 | 滚动常规 | q=0.90 | SOC：10790.0->10790.0 | 临时购电：0.8kWh | 总费用：67041.36元
2025-02-04完成 | 滚动常规 | q=0.90 | SOC：10790.0->10790.0 | 临时购电：5.2kWh | 总费用：68517.91元
2025-02-05完成 | 滚动常规 | q=0.85 | SOC：10790.0->10790.0 | 临时购电：0.0kWh | 总费用：67891.15元
2025-02-06完成 | 滚动常规 | q=0.85 | SOC：10790.0->10790.0 | 临时购电：0.0kWh | 总费用：67646.81元
2025-02-07完成 | 滚动常规 | q=0.85 | SOC：10790.0->10650.0 | 临时购电：9.1kWh | 总费用：29163.34元
2025-02-08完成 | 滚动常规 | q=0.85 | SOC：10650.0->10685.0 | 临时购电：14.2kWh | 总费用：26729.56元
2025-02-09完成 | 滚动常规 | q=0.85 | SOC：10685.0->10720.0 | 临时购电：0.6kWh | 总费用：64497.26元
2025-02-10完成 | 滚动常规 | q=0.85 | SOC：10720.0->10755.0 | 临时购电：2.0kWh | 总费用：63996.24元
2025-02-11完成 | 滚动常规 | q=0.85 | SOC：10755.0->10545.0 | 临时购电：6.8kWh | 总费用：61620.60元
2025-02-12完成 | 滚动常规 | q=0.70 | SOC：10545.0->10790.0 | 临时购电：7.1kWh | 总费用：62063.18元
2025-02-13完成 | 滚动常规 | q=0.70 | SOC：10790.0->10755.0 | 临时购电：8.9kWh | 总费用：62052.83元
2025-02-14完成 | 滚动常规 | q=0.70 | SOC：10755.0->10580.0 | 临时购电：45.6kWh | 总费用：24308.06元
2025-02-15完成 | 滚动常规 | q=0.70 | SOC：10580.0->10475.0 | 临时购电：34.3kWh | 总费用：23768.72元
2025-02-16完成 | 滚动常规 | q=0.70 | SOC：10475.0->10685.0 | 临时购电：22.6kWh | 总费用：61110.10元
2025-02-17完成 | 滚动常规 | q=0.70 | SOC：10685.0->10475.0 | 临时购电：19.6kWh | 总费用：60276.83元
2025-02-18完成 | 滚动常规 | q=0.70 | SOC：10475.0->10685.0 | 临时购电：16.6kWh | 总费用：59997.83元
2025-02-19完成 | 滚动常规 | q=0.70 | SOC：10685.0->10370.0 | 临时购电：31.5kWh | 总费用：58420.73元
2025-02-20完成 | 滚动常规 | q=0.70 | SOC：10370.0->10755.0 | 临时购电：27.7kWh | 总费用：60919.82元
2025-02-21完成 | 滚动常规 | q=0.70 | SOC：10755.0->10755.0 | 临时购电：28.1kWh | 总费用：23379.96元
2025-02-22完成 | 滚动常规 | q=0.70 | SOC：10755.0->10650.0 | 临时购电：66.9kWh | 总费用：22551.38元
2025-02-23完成 | 滚动常规 | q=0.70 | SOC：10650.0->10475.0 | 临时购电：12.0kWh | 总费用：58033.41元
2025-02-24完成 | 滚动常规 | q=0.70 | SOC：10475.0->10510.0 | 临时购电：17.7kWh | 总费用：58565.87元
2025-02-25完成 | 滚动常规 | q=0.70 | SOC：10510.0->10650.0 | 临时购电：27.3kWh | 总费用：59641.55元
2025-02-26完成 | 滚动常规 | q=0.70 | SOC：10650.0->10685.0 | 临时购电：27.8kWh | 总费用：57024.27元
2025-02-27完成 | 滚动常规 | q=0.70 | SOC：10685.0->10685.0 | 临时购电：29.2kWh | 总费用：57930.90元
2025-02-28完成 | 滚动常规 | q=0.70 | SOC：10685.0->10580.0 | 临时购电：76.3kWh | 总费用：21856.36元
2025-03-01完成 | 滚动常规 | q=0.70 | SOC：10580.0->10615.0 | 临时购电：147.9kWh | 总费用：21026.85元
2025-03-02完成 | 滚动常规 | q=0.70 | SOC：10615.0->10545.0 | 临时购电：26.8kWh | 总费用：55951.36元
2025-03-03完成 | 滚动常规 | q=0.70 | SOC：10545.0->10405.0 | 临时购电：11.1kWh | 总费用：56308.04元
2025-03-04完成 | 滚动常规 | q=0.70 | SOC：10405.0->10545.0 | 临时购电：14.5kWh | 总费用：59280.08元
2025-03-05完成 | 滚动常规 | q=0.70 | SOC：10545.0->10510.0 | 临时购电：23.6kWh | 总费用：57903.69元
2025-03-06完成 | 滚动常规 | q=0.70 | SOC：10510.0->10650.0 | 临时购电：23.2kWh | 总费用：57246.32元
2025-03-07完成 | 滚动常规 | q=0.70 | SOC：10650.0->10545.0 | 临时购电：31.8kWh | 总费用：21859.23元
2025-03-08完成 | 滚动常规 | q=0.70 | SOC：10545.0->10510.0 | 临时购电：117.8kWh | 总费用：20437.47元
2025-03-09完成 | 滚动常规 | q=0.70 | SOC：10510.0->10545.0 | 临时购电：14.8kWh | 总费用：54935.88元
2025-03-10完成 | 滚动常规 | q=0.70 | SOC：10545.0->10475.0 | 临时购电：31.2kWh | 总费用：52264.22元
2025-03-11完成 | 滚动常规 | q=0.70 | SOC：10475.0->10615.0 | 临时购电：16.8kWh | 总费用：53421.27元
2025-03-12完成 | 滚动常规 | q=0.70 | SOC：10615.0->10510.0 | 临时购电：26.4kWh | 总费用：53404.86元
2025-03-13完成 | 滚动常规 | q=0.70 | SOC：10510.0->10230.0 | 临时购电：40.1kWh | 总费用：52168.12元
2025-03-14完成 | 滚动常规 | q=0.70 | SOC：10230.0->10475.0 | 临时购电：85.5kWh | 总费用：19061.56元
2025-03-15完成 | 滚动常规 | q=0.70 | SOC：10475.0->10265.0 | 临时购电：107.9kWh | 总费用：19583.52元
2025-03-16完成 | 滚动常规 | q=0.70 | SOC：10265.0->10790.0 | 临时购电：43.6kWh | 总费用：53650.30元
2025-03-17完成 | 滚动常规 | q=0.70 | SOC：10790.0->10755.0 | 临时购电：30.3kWh | 总费用：50980.03元
2025-03-18完成 | 滚动常规 | q=0.70 | SOC：10755.0->10685.0 | 临时购电：11.5kWh | 总费用：50450.58元
2025-03-19完成 | 滚动常规 | q=0.70 | SOC：10685.0->10790.0 | 临时购电：27.2kWh | 总费用：51179.02元
2025-03-20完成 | 滚动常规 | q=0.70 | SOC：10790.0->10545.0 | 临时购电：54.7kWh | 总费用：50570.23元
2025-03-21完成 | 滚动常规 | q=0.70 | SOC：10545.0->10230.0 | 临时购电：78.5kWh | 总费用：18762.29元
2025-03-22完成 | 滚动常规 | q=0.70 | SOC：10230.0->10790.0 | 临时购电：70.3kWh | 总费用：19221.30元
2025-03-23完成 | 滚动常规 | q=0.70 | SOC：10790.0->10650.0 | 临时购电：26.5kWh | 总费用：49970.40元
2025-03-24完成 | 滚动常规 | q=0.70 | SOC：10650.0->10790.0 | 临时购电：16.8kWh | 总费用：50586.60元
2025-03-25完成 | 滚动常规 | q=0.70 | SOC：10790.0->10440.0 | 临时购电：63.0kWh | 总费用：47834.04元
2025-03-26完成 | 滚动常规 | q=0.70 | SOC：10440.0->10545.0 | 临时购电：38.2kWh | 总费用：48422.40元
2025-03-27完成 | 滚动常规 | q=0.70 | SOC：10545.0->10650.0 | 临时购电：26.3kWh | 总费用：47247.55元
2025-03-28完成 | 滚动常规 | q=0.70 | SOC：10650.0->10790.0 | 临时购电：65.8kWh | 总费用：18604.97元
2025-03-29完成 | 滚动常规 | q=0.70 | SOC：10790.0->10615.0 | 临时购电：97.0kWh | 总费用：17994.96元
2025-03-30完成 | 滚动常规 | q=0.70 | SOC：10615.0->10790.0 | 临时购电：25.9kWh | 总费用：48064.27元
2025-03-31完成 | 滚动常规 | q=0.70 | SOC：10790.0->10790.0 | 临时购电：26.4kWh | 总费用：48694.10元
2025-04-01完成 | 滚动常规 | q=0.70 | SOC：10790.0->10685.0 | 临时购电：27.3kWh | 总费用：47006.88元
2025-04-02完成 | 滚动常规 | q=0.70 | SOC：10685.0->10755.0 | 临时购电：33.6kWh | 总费用：47638.15元
2025-04-03完成 | 滚动常规 | q=0.70 | SOC：10755.0->10790.0 | 临时购电：31.9kWh | 总费用：47584.57元
2025-04-04完成 | 滚动常规 | q=0.70 | SOC：10790.0->10790.0 | 临时购电：37.2kWh | 总费用：17612.59元
2025-04-05完成 | 滚动常规 | q=0.70 | SOC：10790.0->10580.0 | 临时购电：51.6kWh | 总费用：17370.85元
2025-04-06完成 | 滚动常规 | q=0.70 | SOC：10580.0->10685.0 | 临时购电：22.7kWh | 总费用：48398.36元
2025-04-07完成 | 滚动常规 | q=0.70 | SOC：10685.0->10790.0 | 临时购电：23.9kWh | 总费用：45820.66元
2025-04-08完成 | 滚动常规 | q=0.70 | SOC：10790.0->10720.0 | 临时购电：8.2kWh | 总费用：45488.52元
2025-04-09完成 | 滚动常规 | q=0.70 | SOC：10720.0->10790.0 | 临时购电：17.5kWh | 总费用：45105.37元
2025-04-10完成 | 滚动常规 | q=0.70 | SOC：10790.0->10650.0 | 临时购电：37.7kWh | 总费用：46506.99元
2025-04-11完成 | 滚动常规 | q=0.70 | SOC：10650.0->10615.0 | 临时购电：60.2kWh | 总费用：16933.55元
2025-04-12完成 | 滚动常规 | q=0.70 | SOC：10615.0->10790.0 | 临时购电：35.7kWh | 总费用：17258.82元
2025-04-13完成 | 滚动常规 | q=0.70 | SOC：10790.0->10650.0 | 临时购电：21.9kWh | 总费用：44730.31元
2025-04-14完成 | 滚动常规 | q=0.70 | SOC：10650.0->10475.0 | 临时购电：26.9kWh | 总费用：44315.85元
2025-04-15完成 | 滚动常规 | q=0.70 | SOC：10475.0->10650.0 | 临时购电：25.4kWh | 总费用：44979.48元
2025-04-16完成 | 滚动常规 | q=0.70 | SOC：10650.0->10790.0 | 临时购电：70.1kWh | 总费用：43549.96元
2025-04-17完成 | 滚动常规 | q=0.70 | SOC：10790.0->10685.0 | 临时购电：30.3kWh | 总费用：44158.89元
2025-04-18完成 | 滚动常规 | q=0.70 | SOC：10685.0->10790.0 | 临时购电：87.2kWh | 总费用：16639.86元
2025-04-19完成 | 滚动常规 | q=0.70 | SOC：10790.0->10720.0 | 临时购电：45.5kWh | 总费用：16468.07元
2025-04-20完成 | 滚动常规 | q=0.70 | SOC：10720.0->10790.0 | 临时购电：45.2kWh | 总费用：43105.41元
2025-04-21完成 | 滚动常规 | q=0.70 | SOC：10790.0->10650.0 | 临时购电：48.5kWh | 总费用：44143.16元
2025-04-22完成 | 滚动常规 | q=0.70 | SOC：10650.0->10790.0 | 临时购电：44.0kWh | 总费用：44439.18元
2025-04-23完成 | 滚动常规 | q=0.70 | SOC：10790.0->10790.0 | 临时购电：25.6kWh | 总费用：42936.12元
2025-04-24完成 | 滚动常规 | q=0.70 | SOC：10790.0->10755.0 | 临时购电：30.0kWh | 总费用：42544.10元
2025-04-25完成 | 滚动常规 | q=0.70 | SOC：10755.0->10615.0 | 临时购电：64.9kWh | 总费用：15535.98元
2025-04-26完成 | 滚动常规 | q=0.70 | SOC：10615.0->10615.0 | 临时购电：53.1kWh | 总费用：15668.04元
2025-04-27完成 | 滚动常规 | q=0.70 | SOC：10615.0->10650.0 | 临时购电：21.9kWh | 总费用：40048.27元
2025-04-28完成 | 滚动常规 | q=0.70 | SOC：10650.0->10790.0 | 临时购电：53.9kWh | 总费用：42599.71元
2025-04-29完成 | 滚动常规 | q=0.70 | SOC：10790.0->10790.0 | 临时购电：27.1kWh | 总费用：42405.99元
2025-04-30完成 | 滚动常规 | q=0.70 | SOC：10790.0->10685.0 | 临时购电：29.0kWh | 总费用：42561.47元
2025-05-01完成 | 滚动常规 | q=0.70 | SOC：10685.0->9705.0 | 临时购电：581.7kWh | 总费用：45574.96元
2025-05-02完成 | 滚动常规 | q=0.70 | SOC：9705.0->9845.0 | 临时购电：710.7kWh | 总费用：19819.82元
2025-05-03完成 | 滚动常规 | q=0.70 | SOC：9845.0->9950.0 | 临时购电：868.5kWh | 总费用：20656.16元
2025-05-04完成 | 滚动常规 | q=0.70 | SOC：9950.0->9845.0 | 临时购电：635.2kWh | 总费用：45957.17元
2025-05-05完成 | 滚动常规 | q=0.70 | SOC：9845.0->9950.0 | 临时购电：324.8kWh | 总费用：43624.25元
2025-05-06完成 | 滚动常规 | q=0.70 | SOC：9950.0->9740.0 | 临时购电：441.2kWh | 总费用：44431.74元
2025-05-07完成 | 滚动常规 | q=0.70 | SOC：9740.0->9880.0 | 临时购电：457.8kWh | 总费用：47135.26元
2025-05-08完成 | 滚动常规 | q=0.70 | SOC：9880.0->9985.0 | 临时购电：101.1kWh | 总费用：45900.42元
2025-05-09完成 | 滚动常规 | q=0.70 | SOC：9985.0->10055.0 | 临时购电：133.9kWh | 总费用：17385.51元
2025-05-10完成 | 滚动常规 | q=0.70 | SOC：10055.0->10020.0 | 临时购电：159.9kWh | 总费用：17551.41元
2025-05-11完成 | 滚动常规 | q=0.70 | SOC：10020.0->10055.0 | 临时购电：232.4kWh | 总费用：46714.81元
2025-05-12完成 | 滚动常规 | q=0.70 | SOC：10055.0->10335.0 | 临时购电：19.8kWh | 总费用：44771.95元
2025-05-13完成 | 滚动常规 | q=0.70 | SOC：10335.0->10335.0 | 临时购电：57.2kWh | 总费用：45253.63元
2025-05-14完成 | 滚动常规 | q=0.70 | SOC：10335.0->10300.0 | 临时购电：43.0kWh | 总费用：44896.24元
2025-05-15完成 | 滚动常规 | q=0.70 | SOC：10300.0->10790.0 | 临时购电：11.4kWh | 总费用：44451.63元
2025-05-16完成 | 滚动常规 | q=0.70 | SOC：10790.0->10720.0 | 临时购电：29.4kWh | 总费用：16948.06元
2025-05-17完成 | 滚动常规 | q=0.70 | SOC：10720.0->10545.0 | 临时购电：64.6kWh | 总费用：17246.14元
2025-05-18完成 | 滚动常规 | q=0.70 | SOC：10545.0->10790.0 | 临时购电：60.3kWh | 总费用：43662.76元
2025-05-19完成 | 滚动常规 | q=0.70 | SOC：10790.0->10475.0 | 临时购电：110.6kWh | 总费用：44163.62元
2025-05-20完成 | 滚动常规 | q=0.70 | SOC：10475.0->10545.0 | 临时购电：64.5kWh | 总费用：42214.93元
2025-05-21完成 | 滚动常规 | q=0.70 | SOC：10545.0->10545.0 | 临时购电：15.0kWh | 总费用：42728.26元
2025-05-22完成 | 滚动常规 | q=0.70 | SOC：10545.0->10790.0 | 临时购电：23.1kWh | 总费用：42681.38元
2025-05-23完成 | 滚动常规 | q=0.70 | SOC：10790.0->10790.0 | 临时购电：28.3kWh | 总费用：17587.13元
2025-05-24完成 | 滚动常规 | q=0.70 | SOC：10790.0->10790.0 | 临时购电：65.5kWh | 总费用：17926.64元
2025-05-25完成 | 滚动常规 | q=0.70 | SOC：10790.0->10790.0 | 临时购电：20.5kWh | 总费用：42702.33元
2025-05-26完成 | 滚动常规 | q=0.70 | SOC：10790.0->10790.0 | 临时购电：22.7kWh | 总费用：43998.04元
2025-05-27完成 | 滚动常规 | q=0.70 | SOC：10790.0->10790.0 | 临时购电：17.0kWh | 总费用：42791.17元
2025-05-28完成 | 滚动常规 | q=0.70 | SOC：10790.0->10790.0 | 临时购电：32.0kWh | 总费用：42496.18元
2025-05-29完成 | 滚动常规 | q=0.70 | SOC：10790.0->10790.0 | 临时购电：22.2kWh | 总费用：43074.91元
2025-05-30完成 | 滚动常规 | q=0.70 | SOC：10790.0->10790.0 | 临时购电：23.8kWh | 总费用：17898.47元
2025-05-31完成 | 滚动常规 | q=0.70 | SOC：10790.0->10720.0 | 临时购电：100.3kWh | 总费用：18190.76元
2025-06-01完成 | 滚动常规 | q=0.70 | SOC：10720.0->9565.0 | 临时购电：2313.7kWh | 总费用：56125.04元
2025-06-02完成 | 滚动高风险 | q=0.85 | SOC：9565.0->9670.0 | 临时购电：1477.0kWh | 总费用：56402.93元
2025-06-03完成 | 滚动高风险 | q=0.85 | SOC：9670.0->9775.0 | 临时购电：384.2kWh | 总费用：51687.35元
2025-06-04完成 | 滚动高风险 | q=0.85 | SOC：9775.0->9775.0 | 临时购电：411.0kWh | 总费用：52490.96元
2025-06-05完成 | 滚动高风险 | q=0.85 | SOC：9775.0->9880.0 | 临时购电：479.8kWh | 总费用：54054.56元
2025-06-06完成 | 滚动常规 | q=0.70 | SOC：9880.0->9460.0 | 临时购电：4156.5kWh | 总费用：39269.45元
2025-06-07完成 | 滚动高风险 | q=0.85 | SOC：9460.0->9915.0 | 临时购电：450.4kWh | 总费用：24602.10元
2025-06-08完成 | 滚动高风险 | q=0.85 | SOC：9915.0->10790.0 | 临时购电：27.5kWh | 总费用：61581.44元
2025-06-09完成 | 滚动高风险 | q=0.85 | SOC：10790.0->10790.0 | 临时购电：13.0kWh | 总费用：58992.75元
2025-06-10完成 | 滚动常规 | q=0.75 | SOC：10790.0->10300.0 | 临时购电：88.2kWh | 总费用：55507.45元
2025-06-11完成 | 滚动常规 | q=0.75 | SOC：10300.0->10440.0 | 临时购电：145.5kWh | 总费用：55918.12元
2025-06-12完成 | 滚动常规 | q=0.75 | SOC：10440.0->10615.0 | 临时购电：47.1kWh | 总费用：56742.06元
2025-06-13完成 | 滚动常规 | q=0.75 | SOC：10615.0->10265.0 | 临时购电：181.7kWh | 总费用：22361.99元
2025-06-14完成 | 滚动常规 | q=0.75 | SOC：10265.0->10545.0 | 临时购电：257.9kWh | 总费用：23629.00元
2025-06-15完成 | 滚动常规 | q=0.75 | SOC：10545.0->10790.0 | 临时购电：36.2kWh | 总费用：59311.94元
2025-06-16完成 | 滚动常规 | q=0.75 | SOC：10790.0->10790.0 | 临时购电：22.5kWh | 总费用：59310.55元
2025-06-17完成 | 滚动常规 | q=0.75 | SOC：10790.0->10790.0 | 临时购电：109.3kWh | 总费用：58103.27元
2025-06-18完成 | 滚动常规 | q=0.75 | SOC：10790.0->10790.0 | 临时购电：17.4kWh | 总费用：58134.54元
2025-06-19完成 | 滚动常规 | q=0.75 | SOC：10790.0->10790.0 | 临时购电：29.6kWh | 总费用：59313.05元
2025-06-20完成 | 滚动常规 | q=0.75 | SOC：10790.0->10790.0 | 临时购电：140.8kWh | 总费用：24625.80元
2025-06-21完成 | 滚动常规 | q=0.75 | SOC：10790.0->10790.0 | 临时购电：183.4kWh | 总费用：25034.11元
2025-06-22完成 | 滚动常规 | q=0.75 | SOC：10790.0->10790.0 | 临时购电：32.6kWh | 总费用：57247.81元
2025-06-23完成 | 滚动常规 | q=0.75 | SOC：10790.0->10790.0 | 临时购电：19.9kWh | 总费用：56119.79元
2025-06-24完成 | 滚动常规 | q=0.75 | SOC：10790.0->10790.0 | 临时购电：172.7kWh | 总费用：55933.84元
2025-06-25完成 | 滚动常规 | q=0.75 | SOC：10790.0->10790.0 | 临时购电：27.9kWh | 总费用：56097.31元
2025-06-26完成 | 滚动常规 | q=0.75 | SOC：10790.0->10790.0 | 临时购电：21.8kWh | 总费用：56918.84元
2025-06-27完成 | 滚动常规 | q=0.75 | SOC：10790.0->10790.0 | 临时购电：112.7kWh | 总费用：23750.19元
2025-06-28完成 | 滚动常规 | q=0.75 | SOC：10790.0->10790.0 | 临时购电：85.7kWh | 总费用：24131.14元
2025-06-29完成 | 滚动常规 | q=0.75 | SOC：10790.0->10790.0 | 临时购电：27.5kWh | 总费用：56707.33元
2025-06-30完成 | 滚动常规 | q=0.75 | SOC：10790.0->10755.0 | 临时购电：29.7kWh | 总费用：56947.01元
2025-07-01完成 | 滚动常规 | q=0.75 | SOC：10755.0->9705.0 | 临时购电：3258.5kWh | 总费用：64817.80元
2025-07-02完成 | 滚动高风险 | q=0.85 | SOC：9705.0->9705.0 | 临时购电：730.3kWh | 总费用：56469.79元
2025-07-03完成 | 滚动高风险 | q=0.85 | SOC：9705.0->9810.0 | 临时购电：2512.6kWh | 总费用：64392.67元
2025-07-04完成 | 滚动高风险 | q=0.85 | SOC：9810.0->9635.0 | 临时购电：2503.7kWh | 总费用：33440.18元
2025-07-05完成 | 滚动高风险 | q=0.85 | SOC：9635.0->9670.0 | 临时购电：3022.7kWh | 总费用：37359.96元
2025-07-06完成 | 滚动高风险 | q=0.85 | SOC：9670.0->9775.0 | 临时购电：6443.4kWh | 总费用：77688.82元
2025-07-07完成 | 滚动高风险 | q=0.85 | SOC：9775.0->9670.0 | 临时购电：636.8kWh | 总费用：52424.25元
2025-07-08完成 | 滚动高风险 | q=0.85 | SOC：9670.0->10790.0 | 临时购电：31.0kWh | 总费用：60086.12元
2025-07-09完成 | 滚动高风险 | q=0.85 | SOC：10790.0->10790.0 | 临时购电：18.8kWh | 总费用：61328.76元
2025-07-10完成 | 滚动常规 | q=0.75 | SOC：10790.0->10440.0 | 临时购电：92.5kWh | 总费用：54792.07元
2025-07-11完成 | 滚动常规 | q=0.75 | SOC：10440.0->10510.0 | 临时购电：190.6kWh | 总费用：27419.05元
2025-07-12完成 | 滚动常规 | q=0.75 | SOC：10510.0->10335.0 | 临时购电：100.3kWh | 总费用：26859.78元
2025-07-13完成 | 滚动常规 | q=0.80 | SOC：10335.0->10790.0 | 临时购电：74.5kWh | 总费用：55280.42元
2025-07-14完成 | 滚动常规 | q=0.80 | SOC：10790.0->10685.0 | 临时购电：35.8kWh | 总费用：55558.15元
2025-07-15完成 | 滚动常规 | q=0.80 | SOC：10685.0->10790.0 | 临时购电：25.5kWh | 总费用：57075.61元
2025-07-16完成 | 滚动常规 | q=0.80 | SOC：10790.0->10790.0 | 临时购电：41.4kWh | 总费用：55258.92元
2025-07-17完成 | 滚动常规 | q=0.80 | SOC：10790.0->10790.0 | 临时购电：79.2kWh | 总费用：54722.85元
2025-07-18完成 | 滚动常规 | q=0.80 | SOC：10790.0->10790.0 | 临时购电：155.8kWh | 总费用：28268.67元
2025-07-19完成 | 滚动常规 | q=0.80 | SOC：10790.0->10790.0 | 临时购电：51.2kWh | 总费用：28130.81元
2025-07-20完成 | 滚动常规 | q=0.80 | SOC：10790.0->10790.0 | 临时购电：11.6kWh | 总费用：56570.14元
2025-07-21完成 | 滚动常规 | q=0.80 | SOC：10790.0->10790.0 | 临时购电：36.6kWh | 总费用：56004.28元
2025-07-22完成 | 滚动常规 | q=0.80 | SOC：10790.0->10790.0 | 临时购电：19.5kWh | 总费用：57638.66元
2025-07-23完成 | 滚动常规 | q=0.80 | SOC：10790.0->10790.0 | 临时购电：60.4kWh | 总费用：56841.79元
2025-07-24完成 | 滚动常规 | q=0.80 | SOC：10790.0->10790.0 | 临时购电：129.1kWh | 总费用：56381.76元
2025-07-25完成 | 滚动常规 | q=0.80 | SOC：10790.0->10790.0 | 临时购电：115.7kWh | 总费用：28052.97元
2025-07-26完成 | 滚动常规 | q=0.80 | SOC：10790.0->10790.0 | 临时购电：66.8kWh | 总费用：28361.10元
2025-07-27完成 | 滚动常规 | q=0.80 | SOC：10790.0->10790.0 | 临时购电：438.8kWh | 总费用：58100.44元
2025-07-28完成 | 滚动常规 | q=0.80 | SOC：10790.0->10790.0 | 临时购电：682.0kWh | 总费用：57332.12元
2025-07-29完成 | 滚动常规 | q=0.80 | SOC：10790.0->10790.0 | 临时购电：29.0kWh | 总费用：57498.17元
2025-07-30完成 | 滚动常规 | q=0.80 | SOC：10790.0->10790.0 | 临时购电：38.3kWh | 总费用：55686.36元
2025-07-31完成 | 滚动常规 | q=0.80 | SOC：10790.0->10790.0 | 临时购电：30.3kWh | 总费用：56550.38元
2025-08-01完成 | 滚动常规 | q=0.80 | SOC：10790.0->10790.0 | 临时购电：11.8kWh | 总费用：27345.56元
2025-08-02完成 | 滚动常规 | q=0.80 | SOC：10790.0->10790.0 | 临时购电：15.6kWh | 总费用：27396.80元
2025-08-03完成 | 滚动常规 | q=0.80 | SOC：10790.0->10755.0 | 临时购电：13.1kWh | 总费用：53168.47元
2025-08-04完成 | 滚动常规 | q=0.80 | SOC：10755.0->10790.0 | 临时购电：28.3kWh | 总费用：50642.75元
2025-08-05完成 | 滚动常规 | q=0.75 | SOC：10790.0->10790.0 | 临时购电：12.4kWh | 总费用：49581.44元
2025-08-06完成 | 滚动常规 | q=0.75 | SOC：10790.0->10790.0 | 临时购电：1030.2kWh | 总费用：52773.65元
2025-08-07完成 | 滚动高风险 | q=0.85 | SOC：10790.0->10790.0 | 临时购电：20.7kWh | 总费用：49758.68元
2025-08-08完成 | 滚动高风险 | q=0.85 | SOC：10790.0->10790.0 | 临时购电：10.1kWh | 总费用：27109.10元
2025-08-09完成 | 滚动高风险 | q=0.85 | SOC：10790.0->10790.0 | 临时购电：86.4kWh | 总费用：26887.86元
2025-08-10完成 | 滚动常规 | q=0.75 | SOC：10790.0->10790.0 | 临时购电：64.2kWh | 总费用：49922.53元
2025-08-11完成 | 滚动常规 | q=0.75 | SOC：10790.0->10790.0 | 临时购电：46.3kWh | 总费用：50440.15元
2025-08-12完成 | 滚动常规 | q=0.70 | SOC：10790.0->10580.0 | 临时购电：324.3kWh | 总费用：49451.28元
2025-08-13完成 | 滚动常规 | q=0.70 | SOC：10580.0->10790.0 | 临时购电：151.1kWh | 总费用：48530.91元
2025-08-14完成 | 滚动常规 | q=0.70 | SOC：10790.0->10790.0 | 临时购电：103.6kWh | 总费用：50005.36元
2025-08-15完成 | 滚动常规 | q=0.70 | SOC：10790.0->10615.0 | 临时购电：111.1kWh | 总费用：25377.19元
2025-08-16完成 | 滚动常规 | q=0.70 | SOC：10615.0->10685.0 | 临时购电：96.8kWh | 总费用：25548.58元
2025-08-17完成 | 滚动常规 | q=0.70 | SOC：10685.0->10790.0 | 临时购电：52.4kWh | 总费用：49179.24元
2025-08-18完成 | 滚动常规 | q=0.70 | SOC：10790.0->10790.0 | 临时购电：53.2kWh | 总费用：50375.13元
2025-08-19完成 | 滚动常规 | q=0.70 | SOC：10790.0->10790.0 | 临时购电：72.9kWh | 总费用：48564.80元
2025-08-20完成 | 滚动常规 | q=0.70 | SOC：10790.0->10790.0 | 临时购电：2170.0kWh | 总费用：56731.81元
2025-08-21完成 | 滚动高风险 | q=0.85 | SOC：10790.0->10790.0 | 临时购电：10.0kWh | 总费用：52743.15元
2025-08-22完成 | 滚动高风险 | q=0.85 | SOC：10790.0->10650.0 | 临时购电：133.9kWh | 总费用：27147.05元
2025-08-23完成 | 滚动高风险 | q=0.85 | SOC：10650.0->10790.0 | 临时购电：15.2kWh | 总费用：26721.66元
2025-08-24完成 | 滚动常规 | q=0.70 | SOC：10790.0->10790.0 | 临时购电：119.2kWh | 总费用：49235.90元
2025-08-25完成 | 滚动常规 | q=0.70 | SOC：10790.0->10790.0 | 临时购电：1448.5kWh | 总费用：54829.77元
2025-08-26完成 | 滚动高风险 | q=0.85 | SOC：10790.0->10790.0 | 临时购电：10.9kWh | 总费用：52823.24元
2025-08-27完成 | 滚动高风险 | q=0.85 | SOC：10790.0->10790.0 | 临时购电：24.6kWh | 总费用：51833.23元
2025-08-28完成 | 滚动高风险 | q=0.85 | SOC：10790.0->10790.0 | 临时购电：89.7kWh | 总费用：53297.55元
2025-08-29完成 | 滚动常规 | q=0.70 | SOC：10790.0->10790.0 | 临时购电：267.3kWh | 总费用：27331.97元
2025-08-30完成 | 滚动常规 | q=0.70 | SOC：10790.0->10790.0 | 临时购电：105.4kWh | 总费用：26629.48元
2025-08-31完成 | 滚动常规 | q=0.70 | SOC：10790.0->10790.0 | 临时购电：245.3kWh | 总费用：49959.11元
2025-09-01完成 | 滚动常规 | q=0.70 | SOC：10790.0->10790.0 | 临时购电：41.3kWh | 总费用：47668.79元
2025-09-02完成 | 滚动常规 | q=0.70 | SOC：10790.0->10790.0 | 临时购电：83.2kWh | 总费用：48784.53元
2025-09-03完成 | 滚动常规 | q=0.70 | SOC：10790.0->10790.0 | 临时购电：18.0kWh | 总费用：48163.72元
2025-09-04完成 | 滚动常规 | q=0.70 | SOC：10790.0->10790.0 | 临时购电：52.9kWh | 总费用：48248.70元
2025-09-05完成 | 滚动常规 | q=0.70 | SOC：10790.0->10790.0 | 临时购电：16.6kWh | 总费用：25549.44元
2025-09-06完成 | 滚动常规 | q=0.70 | SOC：10790.0->10790.0 | 临时购电：9.1kWh | 总费用：26048.15元
2025-09-07完成 | 滚动常规 | q=0.70 | SOC：10790.0->10790.0 | 临时购电：167.4kWh | 总费用：48048.49元
2025-09-08完成 | 滚动常规 | q=0.70 | SOC：10790.0->10790.0 | 临时购电：3176.5kWh | 总费用：53829.92元
2025-09-09完成 | 滚动高风险 | q=0.85 | SOC：10790.0->10790.0 | 临时购电：31.8kWh | 总费用：46892.37元
2025-09-10完成 | 滚动高风险 | q=0.85 | SOC：10790.0->10790.0 | 临时购电：2218.8kWh | 总费用：55078.47元
2025-09-11完成 | 滚动高风险 | q=0.85 | SOC：10790.0->10790.0 | 临时购电：61.0kWh | 总费用：47473.42元
2025-09-12完成 | 滚动高风险 | q=0.85 | SOC：10790.0->10790.0 | 临时购电：65.9kWh | 总费用：24010.39元
2025-09-13完成 | 滚动高风险 | q=0.85 | SOC：10790.0->10790.0 | 临时购电：9.3kWh | 总费用：24581.15元
2025-09-14完成 | 滚动常规 | q=0.75 | SOC：10790.0->10790.0 | 临时购电：2803.5kWh | 总费用：53575.68元
2025-09-15完成 | 滚动高风险 | q=0.85 | SOC：10790.0->10790.0 | 临时购电：40.0kWh | 总费用：48556.25元
2025-09-16完成 | 滚动高风险 | q=0.85 | SOC：10790.0->10790.0 | 临时购电：27.7kWh | 总费用：48249.35元
2025-09-17完成 | 滚动高风险 | q=0.85 | SOC：10790.0->10790.0 | 临时购电：180.5kWh | 总费用：48942.54元
2025-09-18完成 | 滚动常规 | q=0.75 | SOC：10790.0->10790.0 | 临时购电：232.0kWh | 总费用：48255.92元
2025-09-19完成 | 滚动常规 | q=0.75 | SOC：10790.0->10790.0 | 临时购电：44.6kWh | 总费用：23892.22元
2025-09-20完成 | 滚动常规 | q=0.75 | SOC：10790.0->10790.0 | 临时购电：254.0kWh | 总费用：24905.98元
2025-09-21完成 | 滚动常规 | q=0.75 | SOC：10790.0->10790.0 | 临时购电：91.8kWh | 总费用：47242.23元
2025-09-22完成 | 滚动常规 | q=0.70 | SOC：10790.0->10790.0 | 临时购电：103.4kWh | 总费用：44797.74元
2025-09-23完成 | 滚动常规 | q=0.70 | SOC：10790.0->10790.0 | 临时购电：558.3kWh | 总费用：46292.52元
2025-09-24完成 | 滚动常规 | q=0.70 | SOC：10790.0->10790.0 | 临时购电：531.7kWh | 总费用：46529.02元
2025-09-25完成 | 滚动常规 | q=0.70 | SOC：10790.0->10790.0 | 临时购电：74.3kWh | 总费用：44847.96元
2025-09-26完成 | 滚动常规 | q=0.70 | SOC：10790.0->10790.0 | 临时购电：44.7kWh | 总费用：21105.27元
2025-09-27完成 | 滚动常规 | q=0.70 | SOC：10790.0->10475.0 | 临时购电：412.0kWh | 总费用：22841.47元
2025-09-28完成 | 滚动常规 | q=0.70 | SOC：10475.0->10790.0 | 临时购电：961.2kWh | 总费用：49265.20元
2025-09-29完成 | 滚动常规 | q=0.70 | SOC：10790.0->10790.0 | 临时购电：114.4kWh | 总费用：45605.19元
2025-09-30完成 | 滚动常规 | q=0.70 | SOC：10790.0->10580.0 | 临时购电：2461.0kWh | 总费用：54856.53元
2025-10-01完成 | 滚动高风险 | q=0.85 | SOC：10580.0->10790.0 | 临时购电：5.8kWh | 总费用：53779.72元
2025-10-02完成 | 滚动高风险 | q=0.85 | SOC：10790.0->10790.0 | 临时购电：15.3kWh | 总费用：51700.57元
2025-10-03完成 | 滚动高风险 | q=0.85 | SOC：10790.0->10790.0 | 临时购电：8.7kWh | 总费用：21633.01元
2025-10-04完成 | 滚动常规 | q=0.70 | SOC：10790.0->10790.0 | 临时购电：35.0kWh | 总费用：21250.77元
2025-10-05完成 | 滚动常规 | q=0.70 | SOC：10790.0->10790.0 | 临时购电：64.4kWh | 总费用：47686.20元
2025-10-06完成 | 滚动常规 | q=0.70 | SOC：10790.0->10790.0 | 临时购电：23.3kWh | 总费用：48261.57元
2025-10-07完成 | 滚动常规 | q=0.70 | SOC：10790.0->10790.0 | 临时购电：49.2kWh | 总费用：47908.72元
2025-10-08完成 | 滚动常规 | q=0.70 | SOC：10790.0->10790.0 | 临时购电：23.6kWh | 总费用：48572.15元
2025-10-09完成 | 滚动常规 | q=0.70 | SOC：10790.0->10790.0 | 临时购电：22.2kWh | 总费用：47572.17元
2025-10-10完成 | 滚动常规 | q=0.70 | SOC：10790.0->10790.0 | 临时购电：65.4kWh | 总费用：19504.97元
2025-10-11完成 | 滚动常规 | q=0.70 | SOC：10790.0->10790.0 | 临时购电：35.7kWh | 总费用：20419.53元
2025-10-12完成 | 滚动常规 | q=0.70 | SOC：10790.0->10790.0 | 临时购电：42.6kWh | 总费用：48277.20元
2025-10-13完成 | 滚动常规 | q=0.70 | SOC：10790.0->10790.0 | 临时购电：16.4kWh | 总费用：47759.12元
2025-10-14完成 | 滚动常规 | q=0.70 | SOC：10790.0->10790.0 | 临时购电：44.2kWh | 总费用：48286.48元
2025-10-15完成 | 滚动常规 | q=0.70 | SOC：10790.0->10790.0 | 临时购电：44.8kWh | 总费用：49731.46元
2025-10-16完成 | 滚动常规 | q=0.70 | SOC：10790.0->10790.0 | 临时购电：85.2kWh | 总费用：49600.89元
2025-10-17完成 | 滚动常规 | q=0.70 | SOC：10790.0->10790.0 | 临时购电：68.7kWh | 总费用：20025.48元
2025-10-18完成 | 滚动常规 | q=0.70 | SOC：10790.0->10790.0 | 临时购电：52.2kWh | 总费用：20016.45元
2025-10-19完成 | 滚动常规 | q=0.70 | SOC：10790.0->10790.0 | 临时购电：76.9kWh | 总费用：50248.54元
2025-10-20完成 | 滚动常规 | q=0.70 | SOC：10790.0->10790.0 | 临时购电：32.6kWh | 总费用：50997.33元
2025-10-21完成 | 滚动常规 | q=0.70 | SOC：10790.0->10790.0 | 临时购电：65.1kWh | 总费用：52341.78元
2025-10-22完成 | 滚动常规 | q=0.70 | SOC：10790.0->10685.0 | 临时购电：22.0kWh | 总费用：50100.00元
2025-10-23完成 | 滚动常规 | q=0.70 | SOC：10685.0->10790.0 | 临时购电：25.6kWh | 总费用：50466.64元
2025-10-24完成 | 滚动常规 | q=0.70 | SOC：10790.0->10580.0 | 临时购电：99.1kWh | 总费用：19286.06元
2025-10-25完成 | 滚动常规 | q=0.70 | SOC：10580.0->10615.0 | 临时购电：90.7kWh | 总费用：19697.76元
2025-10-26完成 | 滚动常规 | q=0.70 | SOC：10615.0->10790.0 | 临时购电：21.6kWh | 总费用：51268.65元
2025-10-27完成 | 滚动常规 | q=0.70 | SOC：10790.0->10790.0 | 临时购电：47.7kWh | 总费用：50768.39元
2025-10-28完成 | 滚动常规 | q=0.70 | SOC：10790.0->10790.0 | 临时购电：38.8kWh | 总费用：50989.95元
2025-10-29完成 | 滚动常规 | q=0.70 | SOC：10790.0->10475.0 | 临时购电：38.5kWh | 总费用：49966.95元
2025-10-30完成 | 滚动常规 | q=0.70 | SOC：10475.0->10755.0 | 临时购电：28.2kWh | 总费用：51546.38元
2025-10-31完成 | 滚动常规 | q=0.70 | SOC：10755.0->10405.0 | 临时购电：134.5kWh | 总费用：19778.90元
2025-11-01完成 | 滚动常规 | q=0.70 | SOC：10405.0->10790.0 | 临时购电：52.4kWh | 总费用：19997.70元
2025-11-02完成 | 滚动常规 | q=0.70 | SOC：10790.0->10510.0 | 临时购电：56.3kWh | 总费用：52583.97元
2025-11-03完成 | 滚动常规 | q=0.70 | SOC：10510.0->10790.0 | 临时购电：19.1kWh | 总费用：52900.39元
2025-11-04完成 | 滚动常规 | q=0.70 | SOC：10790.0->10370.0 | 临时购电：57.7kWh | 总费用：52892.95元
2025-11-05完成 | 滚动常规 | q=0.70 | SOC：10370.0->10790.0 | 临时购电：50.6kWh | 总费用：53785.38元
2025-11-06完成 | 滚动常规 | q=0.70 | SOC：10790.0->10650.0 | 临时购电：64.5kWh | 总费用：53316.05元
2025-11-07完成 | 滚动常规 | q=0.70 | SOC：10650.0->10580.0 | 临时购电：115.6kWh | 总费用：20271.80元
2025-11-08完成 | 滚动常规 | q=0.70 | SOC：10580.0->10650.0 | 临时购电：94.3kWh | 总费用：20267.24元
2025-11-09完成 | 滚动常规 | q=0.70 | SOC：10650.0->10720.0 | 临时购电：22.5kWh | 总费用：54231.87元
2025-11-10完成 | 滚动常规 | q=0.70 | SOC：10720.0->10650.0 | 临时购电：34.6kWh | 总费用：54862.53元
2025-11-11完成 | 滚动常规 | q=0.70 | SOC：10650.0->10720.0 | 临时购电：55.7kWh | 总费用：55284.45元
2025-11-12完成 | 滚动常规 | q=0.70 | SOC：10720.0->10720.0 | 临时购电：11.2kWh | 总费用：55593.56元
2025-11-13完成 | 滚动常规 | q=0.70 | SOC：10720.0->10650.0 | 临时购电：20.9kWh | 总费用：54368.80元
2025-11-14完成 | 滚动常规 | q=0.70 | SOC：10650.0->10790.0 | 临时购电：101.3kWh | 总费用：21201.04元
2025-11-15完成 | 滚动常规 | q=0.70 | SOC：10790.0->10475.0 | 临时购电：85.8kWh | 总费用：21201.09元
2025-11-16完成 | 滚动常规 | q=0.70 | SOC：10475.0->10685.0 | 临时购电：46.2kWh | 总费用：56632.55元
2025-11-17完成 | 滚动常规 | q=0.70 | SOC：10685.0->10790.0 | 临时购电：25.3kWh | 总费用：56692.81元
2025-11-18完成 | 滚动常规 | q=0.70 | SOC：10790.0->10720.0 | 临时购电：29.4kWh | 总费用：56506.90元
2025-11-19完成 | 滚动常规 | q=0.70 | SOC：10720.0->10650.0 | 临时购电：52.1kWh | 总费用：57091.40元
2025-11-20完成 | 滚动常规 | q=0.70 | SOC：10650.0->10790.0 | 临时购电：44.6kWh | 总费用：57309.77元
2025-11-21完成 | 滚动常规 | q=0.70 | SOC：10790.0->10720.0 | 临时购电：87.9kWh | 总费用：21776.06元
2025-11-22完成 | 滚动常规 | q=0.70 | SOC：10720.0->10650.0 | 临时购电：117.3kWh | 总费用：22191.16元
2025-11-23完成 | 滚动常规 | q=0.70 | SOC：10650.0->10790.0 | 临时购电：52.5kWh | 总费用：58313.45元
2025-11-24完成 | 滚动常规 | q=0.70 | SOC：10790.0->10545.0 | 临时购电：14.2kWh | 总费用：57884.90元
2025-11-25完成 | 滚动常规 | q=0.70 | SOC：10545.0->10650.0 | 临时购电：31.2kWh | 总费用：57408.67元
2025-11-26完成 | 滚动常规 | q=0.70 | SOC：10650.0->10790.0 | 临时购电：25.5kWh | 总费用：58068.87元
2025-11-27完成 | 滚动常规 | q=0.70 | SOC：10790.0->10790.0 | 临时购电：3.7kWh | 总费用：58878.35元
2025-11-28完成 | 滚动常规 | q=0.70 | SOC：10790.0->10615.0 | 临时购电：79.9kWh | 总费用：23146.00元
2025-11-29完成 | 滚动常规 | q=0.70 | SOC：10615.0->10580.0 | 临时购电：71.2kWh | 总费用：23000.08元
2025-11-30完成 | 滚动常规 | q=0.70 | SOC：10580.0->10685.0 | 临时购电：24.0kWh | 总费用：59723.39元
2025-12-01完成 | 滚动常规 | q=0.70 | SOC：10685.0->10790.0 | 临时购电：1279.0kWh | 总费用：64975.75元
2025-12-02完成 | 滚动高风险 | q=0.85 | SOC：10790.0->10755.0 | 临时购电：1623.7kWh | 总费用：69582.09元
2025-12-03完成 | 滚动高风险 | q=0.85 | SOC：10755.0->10790.0 | 临时购电：268.9kWh | 总费用：63299.85元
2025-12-04完成 | 滚动高风险 | q=0.85 | SOC：10790.0->10790.0 | 临时购电：600.9kWh | 总费用：65557.33元
2025-12-05完成 | 滚动高风险 | q=0.85 | SOC：10790.0->10755.0 | 临时购电：156.2kWh | 总费用：27430.53元
2025-12-06完成 | 滚动常规 | q=0.70 | SOC：10755.0->10405.0 | 临时购电：2739.4kWh | 总费用：32685.23元
2025-12-07完成 | 滚动高风险 | q=0.85 | SOC：10405.0->10790.0 | 临时购电：29.2kWh | 总费用：65481.65元
2025-12-08完成 | 滚动高风险 | q=0.85 | SOC：10790.0->10790.0 | 临时购电：17.2kWh | 总费用：71186.20元
2025-12-09完成 | 滚动高风险 | q=0.85 | SOC：10790.0->10790.0 | 临时购电：30.7kWh | 总费用：70756.98元
2025-12-10完成 | 滚动常规 | q=0.70 | SOC：10790.0->10790.0 | 临时购电：108.6kWh | 总费用：66479.21元
2025-12-11完成 | 滚动常规 | q=0.70 | SOC：10790.0->10790.0 | 临时购电：80.3kWh | 总费用：66181.52元
2025-12-12完成 | 滚动常规 | q=0.70 | SOC：10790.0->10790.0 | 临时购电：167.9kWh | 总费用：28388.51元
2025-12-13完成 | 滚动常规 | q=0.70 | SOC：10790.0->10790.0 | 临时购电：120.2kWh | 总费用：29055.62元
2025-12-14完成 | 滚动常规 | q=0.70 | SOC：10790.0->10790.0 | 临时购电：52.6kWh | 总费用：67596.04元
2025-12-15完成 | 滚动常规 | q=0.70 | SOC：10790.0->10790.0 | 临时购电：14.8kWh | 总费用：69135.80元
2025-12-16完成 | 滚动常规 | q=0.70 | SOC：10790.0->10790.0 | 临时购电：28.7kWh | 总费用：68849.36元
2025-12-17完成 | 滚动常规 | q=0.70 | SOC：10790.0->10790.0 | 临时购电：45.2kWh | 总费用：68388.43元
2025-12-18完成 | 滚动常规 | q=0.70 | SOC：10790.0->10650.0 | 临时购电：36.9kWh | 总费用：67744.17元
2025-12-19完成 | 滚动常规 | q=0.70 | SOC：10650.0->10615.0 | 临时购电：28.3kWh | 总费用：30377.84元
2025-12-20完成 | 滚动常规 | q=0.70 | SOC：10615.0->10510.0 | 临时购电：21.7kWh | 总费用：29952.34元
2025-12-21完成 | 滚动常规 | q=0.70 | SOC：10510.0->10790.0 | 临时购电：19.9kWh | 总费用：68676.00元
2025-12-22完成 | 滚动常规 | q=0.70 | SOC：10790.0->10545.0 | 临时购电：20.5kWh | 总费用：68187.50元
2025-12-23完成 | 滚动常规 | q=0.70 | SOC：10545.0->10790.0 | 临时购电：4.5kWh | 总费用：68862.18元
2025-12-24完成 | 滚动常规 | q=0.70 | SOC：10790.0->10650.0 | 临时购电：18.8kWh | 总费用：68358.27元
2025-12-25完成 | 滚动常规 | q=0.70 | SOC：10650.0->10720.0 | 临时购电：22.7kWh | 总费用：68776.16元
2025-12-26完成 | 滚动常规 | q=0.70 | SOC：10720.0->10790.0 | 临时购电：36.9kWh | 总费用：30171.23元
2025-12-27完成 | 滚动常规 | q=0.70 | SOC：10790.0->10650.0 | 临时购电：67.9kWh | 总费用：30227.35元
2025-12-28完成 | 滚动常规 | q=0.70 | SOC：10650.0->10790.0 | 临时购电：31.5kWh | 总费用：68575.94元
2025-12-29完成 | 滚动常规 | q=0.70 | SOC：10790.0->10615.0 | 临时购电：2.6kWh | 总费用：68203.17元
2025-12-30完成 | 滚动常规 | q=0.70 | SOC：10615.0->10720.0 | 临时购电：31.6kWh | 总费用：68101.12元
2025-12-31完成 | 滚动常规 | q=0.70 | SOC：10720.0->10440.0 | 临时购电：5.9kWh | 总费用：67547.95元

========== 问题二正式评价完成 ==========
正式评价区间：2025-02-01 至 2025-12-31
正式评价天数：334
未纳入评价的预热天数：31
日末库存价值系数：0.481548 元/kWh
计划购电费用：14763857.94 元
临时购电费用：320543.91 元
总费用：15084401.84 元
临时购电总量：74267.04 kWh
结果明细：C:\Users\LENOVO\Desktop\数模\C题\outputs\problem2_same_type_sweep_35\problem2_detail.csv
每日汇总：C:\Users\LENOVO\Desktop\数模\C题\outputs\problem2_same_type_sweep_35\problem2_daily_summary.csv
提交表格：C:\Users\LENOVO\Desktop\数模\C题\outputs\problem2_same_type_sweep_35\result2.xlsx
包含三张表：
  1. 计划购电量（日期×144时段）
  2. 充放电量（6个4小时时段）
  3. 紧急购电量（日期、购电时间段、购电量）
===== soc-step=35 总费用 = 15084401.84 元 =====

===== 开始运行 soc-step=40 =====
正式评价区间：2025-02-01 至 2025-12-31
正式评价天数：334
未纳入正式评价的预热日期：31天
日末库存价值系数：0.481548 元/kWh
预测安全修正：负荷×1.050，非夏季光伏×0.900，7至9月光伏×1.050
预测时间衰减系数：0.900
分解预测设置：同类型日最少3天，日总量趋势截断0.200，光伏最近7天
滚动偏差校准：回看30天，强度0.500
动态分位数：常规[0.5, 0.6, 0.7, 0.75, 0.8, 0.85, 0.9]，高风险[0.85, 0.9, 0.95]
滚动最优分位数：回看30天，最少历史7天，临时购电惩罚×5.0
2025-02-01完成 | 滚动常规 | q=0.90 | SOC：6000.0->10800.0 | 临时购电：30.7kWh | 总费用：32448.50元
2025-02-02完成 | 滚动常规 | q=0.90 | SOC：10800.0->10800.0 | 临时购电：5.5kWh | 总费用：67393.90元
2025-02-03完成 | 滚动常规 | q=0.90 | SOC：10800.0->10800.0 | 临时购电：3.6kWh | 总费用：67055.04元
2025-02-04完成 | 滚动常规 | q=0.90 | SOC：10800.0->10800.0 | 临时购电：9.4kWh | 总费用：68527.86元
2025-02-05完成 | 滚动常规 | q=0.85 | SOC：10800.0->10800.0 | 临时购电：7.1kWh | 总费用：67923.62元
2025-02-06完成 | 滚动常规 | q=0.85 | SOC：10800.0->10800.0 | 临时购电：10.4kWh | 总费用：67701.81元
2025-02-07完成 | 滚动常规 | q=0.85 | SOC：10800.0->10560.0 | 临时购电：9.0kWh | 总费用：29160.84元
2025-02-08完成 | 滚动常规 | q=0.85 | SOC：10560.0->10440.0 | 临时购电：19.0kWh | 总费用：26783.26元
2025-02-09完成 | 滚动常规 | q=0.85 | SOC：10440.0->10560.0 | 临时购电：11.6kWh | 总费用：64655.97元
2025-02-10完成 | 滚动常规 | q=0.85 | SOC：10560.0->10560.0 | 临时购电：6.4kWh | 总费用：64089.46元
2025-02-11完成 | 滚动常规 | q=0.85 | SOC：10560.0->10320.0 | 临时购电：3.0kWh | 总费用：61680.49元
2025-02-12完成 | 滚动常规 | q=0.70 | SOC：10320.0->10600.0 | 临时购电：11.7kWh | 总费用：62176.87元
2025-02-13完成 | 滚动常规 | q=0.70 | SOC：10600.0->10560.0 | 临时购电：17.6kWh | 总费用：62186.37元
2025-02-14完成 | 滚动常规 | q=0.70 | SOC：10560.0->10320.0 | 临时购电：50.8kWh | 总费用：24338.49元
2025-02-15完成 | 滚动常规 | q=0.70 | SOC：10320.0->10320.0 | 临时购电：58.4kWh | 总费用：23979.65元
2025-02-16完成 | 滚动常规 | q=0.70 | SOC：10320.0->10480.0 | 临时购电：11.5kWh | 总费用：61074.76元
2025-02-17完成 | 滚动常规 | q=0.70 | SOC：10480.0->10320.0 | 临时购电：32.4kWh | 总费用：60399.45元
2025-02-18完成 | 滚动常规 | q=0.70 | SOC：10320.0->10400.0 | 临时购电：13.5kWh | 总费用：60050.36元
2025-02-19完成 | 滚动常规 | q=0.70 | SOC：10400.0->10200.0 | 临时购电：28.9kWh | 总费用：58518.32元
2025-02-20完成 | 滚动常规 | q=0.70 | SOC：10200.0->10600.0 | 临时购电：35.2kWh | 总费用：61020.52元
2025-02-21完成 | 滚动常规 | q=0.70 | SOC：10600.0->10560.0 | 临时购电：81.1kWh | 总费用：23669.81元
2025-02-22完成 | 滚动常规 | q=0.70 | SOC：10560.0->10400.0 | 临时购电：58.9kWh | 总费用：22564.37元
2025-02-23完成 | 滚动常规 | q=0.70 | SOC：10400.0->10280.0 | 临时购电：40.1kWh | 总费用：58255.96元
2025-02-24完成 | 滚动常规 | q=0.70 | SOC：10280.0->10400.0 | 临时购电：36.2kWh | 总费用：58700.90元
2025-02-25完成 | 滚动常规 | q=0.70 | SOC：10400.0->10440.0 | 临时购电：39.8kWh | 总费用：59745.40元
2025-02-26完成 | 滚动常规 | q=0.70 | SOC：10440.0->10560.0 | 临时购电：17.8kWh | 总费用：57038.26元
2025-02-27完成 | 滚动常规 | q=0.70 | SOC：10560.0->10440.0 | 临时购电：57.2kWh | 总费用：58067.20元
2025-02-28完成 | 滚动常规 | q=0.70 | SOC：10440.0->10360.0 | 临时购电：116.2kWh | 总费用：22113.40元
2025-03-01完成 | 滚动常规 | q=0.70 | SOC：10360.0->10240.0 | 临时购电：154.6kWh | 总费用：21075.75元
2025-03-02完成 | 滚动常规 | q=0.70 | SOC：10240.0->10360.0 | 临时购电：18.5kWh | 总费用：56059.12元
2025-03-03完成 | 滚动常规 | q=0.70 | SOC：10360.0->10240.0 | 临时购电：35.6kWh | 总费用：56507.34元
2025-03-04完成 | 滚动常规 | q=0.70 | SOC：10240.0->10320.0 | 临时购电：27.9kWh | 总费用：59405.00元
2025-03-05完成 | 滚动常规 | q=0.70 | SOC：10320.0->10280.0 | 临时购电：29.1kWh | 总费用：58011.85元
2025-03-06完成 | 滚动常规 | q=0.70 | SOC：10280.0->10440.0 | 临时购电：38.8kWh | 总费用：57442.80元
2025-03-07完成 | 滚动常规 | q=0.70 | SOC：10440.0->10360.0 | 临时购电：41.6kWh | 总费用：21983.21元
2025-03-08完成 | 滚动常规 | q=0.70 | SOC：10360.0->10120.0 | 临时购电：183.4kWh | 总费用：20595.45元
2025-03-09完成 | 滚动常规 | q=0.70 | SOC：10120.0->10240.0 | 临时购电：56.2kWh | 总费用：55290.11元
2025-03-10完成 | 滚动常规 | q=0.70 | SOC：10240.0->10240.0 | 临时购电：75.2kWh | 总费用：52584.54元
2025-03-11完成 | 滚动常规 | q=0.70 | SOC：10240.0->10400.0 | 临时购电：17.9kWh | 总费用：53510.99元
2025-03-12完成 | 滚动常规 | q=0.70 | SOC：10400.0->10320.0 | 临时购电：47.0kWh | 总费用：53559.78元
2025-03-13完成 | 滚动常规 | q=0.70 | SOC：10320.0->10080.0 | 临时购电：34.2kWh | 总费用：52188.48元
2025-03-14完成 | 滚动常规 | q=0.70 | SOC：10080.0->10280.0 | 临时购电：98.1kWh | 总费用：19148.51元
2025-03-15完成 | 滚动常规 | q=0.70 | SOC：10280.0->10000.0 | 临时购电：134.0kWh | 总费用：19669.59元
2025-03-16完成 | 滚动常规 | q=0.70 | SOC：10000.0->10640.0 | 临时购电：50.4kWh | 总费用：53780.53元
2025-03-17完成 | 滚动常规 | q=0.70 | SOC：10640.0->10520.0 | 临时购电：31.4kWh | 总费用：51033.06元
2025-03-18完成 | 滚动常规 | q=0.70 | SOC：10520.0->10480.0 | 临时购电：23.2kWh | 总费用：50571.74元
2025-03-19完成 | 滚动常规 | q=0.70 | SOC：10480.0->10560.0 | 临时购电：18.9kWh | 总费用：51214.61元
2025-03-20完成 | 滚动常规 | q=0.70 | SOC：10560.0->10240.0 | 临时购电：29.0kWh | 总费用：50543.31元
2025-03-21完成 | 滚动常规 | q=0.70 | SOC：10240.0->10080.0 | 临时购电：123.6kWh | 总费用：18971.17元
2025-03-22完成 | 滚动常规 | q=0.70 | SOC：10080.0->10800.0 | 临时购电：94.0kWh | 总费用：19348.18元
2025-03-23完成 | 滚动常规 | q=0.70 | SOC：10800.0->10520.0 | 临时购电：67.3kWh | 总费用：50157.50元
2025-03-24完成 | 滚动常规 | q=0.70 | SOC：10520.0->10800.0 | 临时购电：27.4kWh | 总费用：50702.02元
2025-03-25完成 | 滚动常规 | q=0.70 | SOC：10800.0->10200.0 | 临时购电：60.9kWh | 总费用：47814.73元
2025-03-26完成 | 滚动常规 | q=0.70 | SOC：10200.0->10280.0 | 临时购电：35.4kWh | 总费用：48500.89元
2025-03-27完成 | 滚动常规 | q=0.70 | SOC：10280.0->10440.0 | 临时购电：47.8kWh | 总费用：47464.11元
2025-03-28完成 | 滚动常规 | q=0.70 | SOC：10440.0->10600.0 | 临时购电：137.5kWh | 总费用：18796.90元
2025-03-29完成 | 滚动常规 | q=0.70 | SOC：10600.0->10480.0 | 临时购电：123.9kWh | 总费用：18160.95元
2025-03-30完成 | 滚动常规 | q=0.70 | SOC：10480.0->10600.0 | 临时购电：24.7kWh | 总费用：48092.82元
2025-03-31完成 | 滚动常规 | q=0.70 | SOC：10600.0->10600.0 | 临时购电：84.7kWh | 总费用：48993.57元
2025-04-01完成 | 滚动常规 | q=0.70 | SOC：10600.0->10400.0 | 临时购电：36.6kWh | 总费用：47150.73元
2025-04-02完成 | 滚动常规 | q=0.70 | SOC：10400.0->10600.0 | 临时购电：54.8kWh | 总费用：47854.82元
2025-04-03完成 | 滚动常规 | q=0.70 | SOC：10600.0->10640.0 | 临时购电：56.6kWh | 总费用：47725.12元
2025-04-04完成 | 滚动常规 | q=0.70 | SOC：10640.0->10600.0 | 临时购电：39.1kWh | 总费用：17669.25元
2025-04-05完成 | 滚动常规 | q=0.70 | SOC：10600.0->10440.0 | 临时购电：70.7kWh | 总费用：17546.44元
2025-04-06完成 | 滚动常规 | q=0.70 | SOC：10440.0->10400.0 | 临时购电：30.7kWh | 总费用：48453.63元
2025-04-07完成 | 滚动常规 | q=0.70 | SOC：10400.0->10600.0 | 临时购电：39.2kWh | 总费用：46012.35元
2025-04-08完成 | 滚动常规 | q=0.70 | SOC：10600.0->10440.0 | 临时购电：30.3kWh | 总费用：45648.04元
2025-04-09完成 | 滚动常规 | q=0.70 | SOC：10440.0->10640.0 | 临时购电：42.4kWh | 总费用：45309.36元
2025-04-10完成 | 滚动常规 | q=0.70 | SOC：10640.0->10400.0 | 临时购电：14.9kWh | 总费用：46469.46元
2025-04-11完成 | 滚动常规 | q=0.70 | SOC：10400.0->10400.0 | 临时购电：90.1kWh | 总费用：17022.10元
2025-04-12完成 | 滚动常规 | q=0.70 | SOC：10400.0->10640.0 | 临时购电：44.6kWh | 总费用：17398.02元
2025-04-13完成 | 滚动常规 | q=0.70 | SOC：10640.0->10320.0 | 临时购电：23.2kWh | 总费用：44801.01元
2025-04-14完成 | 滚动常规 | q=0.70 | SOC：10320.0->10240.0 | 临时购电：41.6kWh | 总费用：44483.15元
2025-04-15完成 | 滚动常规 | q=0.70 | SOC：10240.0->10320.0 | 临时购电：25.8kWh | 总费用：45068.95元
2025-04-16完成 | 滚动常规 | q=0.70 | SOC：10320.0->10560.0 | 临时购电：42.5kWh | 总费用：43593.55元
2025-04-17完成 | 滚动常规 | q=0.70 | SOC：10560.0->10520.0 | 临时购电：50.3kWh | 总费用：44342.40元
2025-04-18完成 | 滚动常规 | q=0.70 | SOC：10520.0->10600.0 | 临时购电：115.2kWh | 总费用：16756.86元
2025-04-19完成 | 滚动常规 | q=0.70 | SOC：10600.0->10480.0 | 临时购电：77.3kWh | 总费用：16591.66元
2025-04-20完成 | 滚动常规 | q=0.70 | SOC：10480.0->10800.0 | 临时购电：26.9kWh | 总费用：43135.07元
2025-04-21完成 | 滚动常规 | q=0.70 | SOC：10800.0->10400.0 | 临时购电：56.1kWh | 总费用：44158.61元
2025-04-22完成 | 滚动常规 | q=0.70 | SOC：10400.0->10640.0 | 临时购电：51.7kWh | 总费用：44589.94元
2025-04-23完成 | 滚动常规 | q=0.70 | SOC：10640.0->10680.0 | 临时购电：30.5kWh | 总费用：43036.01元
2025-04-24完成 | 滚动常规 | q=0.70 | SOC：10680.0->10520.0 | 临时购电：27.6kWh | 总费用：42534.37元
2025-04-25完成 | 滚动常规 | q=0.70 | SOC：10520.0->10360.0 | 临时购电：50.6kWh | 总费用：15522.10元
2025-04-26完成 | 滚动常规 | q=0.70 | SOC：10360.0->10440.0 | 临时购电：61.0kWh | 总费用：15837.64元
2025-04-27完成 | 滚动常规 | q=0.70 | SOC：10440.0->10480.0 | 临时购电：50.5kWh | 总费用：40234.76元
2025-04-28完成 | 滚动常规 | q=0.70 | SOC：10480.0->10720.0 | 临时购电：59.6kWh | 总费用：42676.55元
2025-04-29完成 | 滚动常规 | q=0.70 | SOC：10720.0->10600.0 | 临时购电：68.0kWh | 总费用：42635.82元
2025-04-30完成 | 滚动常规 | q=0.70 | SOC：10600.0->10400.0 | 临时购电：28.2kWh | 总费用：42665.27元
2025-05-01完成 | 滚动常规 | q=0.70 | SOC：10400.0->9680.0 | 临时购电：603.8kWh | 总费用：45769.24元
2025-05-02完成 | 滚动常规 | q=0.70 | SOC：9680.0->9720.0 | 临时购电：739.7kWh | 总费用：19943.76元
2025-05-03完成 | 滚动常规 | q=0.70 | SOC：9720.0->9800.0 | 临时购电：892.8kWh | 总费用：20719.35元
2025-05-04完成 | 滚动常规 | q=0.70 | SOC：9800.0->9720.0 | 临时购电：605.0kWh | 总费用：45817.11元
2025-05-05完成 | 滚动常规 | q=0.70 | SOC：9720.0->9800.0 | 临时购电：330.7kWh | 总费用：43695.54元
2025-05-06完成 | 滚动常规 | q=0.70 | SOC：9800.0->9600.0 | 临时购电：478.3kWh | 总费用：44600.80元
2025-05-07完成 | 滚动常规 | q=0.70 | SOC：9600.0->9800.0 | 临时购电：460.6kWh | 总费用：47200.89元
2025-05-08完成 | 滚动常规 | q=0.70 | SOC：9800.0->9840.0 | 临时购电：158.9kWh | 总费用：46158.13元
2025-05-09完成 | 滚动常规 | q=0.70 | SOC：9840.0->9880.0 | 临时购电：150.6kWh | 总费用：17547.41元
2025-05-10完成 | 滚动常规 | q=0.70 | SOC：9880.0->9840.0 | 临时购电：206.5kWh | 总费用：17843.14元
2025-05-11完成 | 滚动常规 | q=0.70 | SOC：9840.0->9960.0 | 临时购电：198.7kWh | 总费用：46607.94元
2025-05-12完成 | 滚动常规 | q=0.70 | SOC：9960.0->10160.0 | 临时购电：66.9kWh | 总费用：45052.57元
2025-05-13完成 | 滚动常规 | q=0.70 | SOC：10160.0->10080.0 | 临时购电：23.0kWh | 总费用：45151.31元
2025-05-14完成 | 滚动常规 | q=0.70 | SOC：10080.0->10040.0 | 临时购电：59.8kWh | 总费用：45058.49元
2025-05-15完成 | 滚动常规 | q=0.70 | SOC：10040.0->10760.0 | 临时购电：36.2kWh | 总费用：44665.18元
2025-05-16完成 | 滚动常规 | q=0.70 | SOC：10760.0->10520.0 | 临时购电：21.6kWh | 总费用：16977.41元
2025-05-17完成 | 滚动常规 | q=0.70 | SOC：10520.0->10440.0 | 临时购电：76.6kWh | 总费用：17367.32元
2025-05-18完成 | 滚动常规 | q=0.70 | SOC：10440.0->10760.0 | 临时购电：77.1kWh | 总费用：43789.61元
2025-05-19完成 | 滚动常规 | q=0.70 | SOC：10760.0->10360.0 | 临时购电：122.8kWh | 总费用：44176.70元
2025-05-20完成 | 滚动常规 | q=0.70 | SOC：10360.0->10360.0 | 临时购电：50.2kWh | 总费用：42163.71元
2025-05-21完成 | 滚动常规 | q=0.70 | SOC：10360.0->10440.0 | 临时购电：29.5kWh | 总费用：42844.03元
2025-05-22完成 | 滚动常规 | q=0.70 | SOC：10440.0->10800.0 | 临时购电：23.1kWh | 总费用：42711.66元
2025-05-23完成 | 滚动常规 | q=0.70 | SOC：10800.0->10800.0 | 临时购电：67.9kWh | 总费用：17716.01元
2025-05-24完成 | 滚动常规 | q=0.70 | SOC：10800.0->10800.0 | 临时购电：54.5kWh | 总费用：17895.71元
2025-05-25完成 | 滚动常规 | q=0.70 | SOC：10800.0->10600.0 | 临时购电：48.1kWh | 总费用：42810.62元
2025-05-26完成 | 滚动常规 | q=0.70 | SOC：10600.0->10640.0 | 临时购电：11.8kWh | 总费用：44022.79元
2025-05-27完成 | 滚动常规 | q=0.70 | SOC：10640.0->10680.0 | 临时购电：39.2kWh | 总费用：42941.73元
2025-05-28完成 | 滚动常规 | q=0.70 | SOC：10680.0->10720.0 | 临时购电：58.1kWh | 总费用：42648.02元
2025-05-29完成 | 滚动常规 | q=0.70 | SOC：10720.0->10720.0 | 临时购电：53.5kWh | 总费用：43221.73元
2025-05-30完成 | 滚动常规 | q=0.70 | SOC：10720.0->10800.0 | 临时购电：22.0kWh | 总费用：17947.28元
2025-05-31完成 | 滚动常规 | q=0.70 | SOC：10800.0->10760.0 | 临时购电：79.2kWh | 总费用：18094.94元
2025-06-01完成 | 滚动常规 | q=0.70 | SOC：10760.0->9480.0 | 临时购电：2635.9kWh | 总费用：56920.16元
2025-06-02完成 | 滚动高风险 | q=0.85 | SOC：9480.0->9560.0 | 临时购电：1461.9kWh | 总费用：56212.47元
2025-06-03完成 | 滚动高风险 | q=0.85 | SOC：9560.0->9680.0 | 临时购电：374.7kWh | 总费用：51646.58元
2025-06-04完成 | 滚动高风险 | q=0.85 | SOC：9680.0->9680.0 | 临时购电：459.6kWh | 总费用：52479.39元
2025-06-05完成 | 滚动高风险 | q=0.85 | SOC：9680.0->9800.0 | 临时购电：505.6kWh | 总费用：54001.29元
2025-06-06完成 | 滚动常规 | q=0.70 | SOC：9800.0->9400.0 | 临时购电：4266.2kWh | 总费用：39517.35元
2025-06-07完成 | 滚动高风险 | q=0.85 | SOC：9400.0->9760.0 | 临时购电：476.4kWh | 总费用：24747.64元
2025-06-08完成 | 滚动高风险 | q=0.85 | SOC：9760.0->10800.0 | 临时购电：32.9kWh | 总费用：61682.56元
2025-06-09完成 | 滚动高风险 | q=0.85 | SOC：10800.0->10800.0 | 临时购电：50.0kWh | 总费用：59139.12元
2025-06-10完成 | 滚动常规 | q=0.75 | SOC：10800.0->10200.0 | 临时购电：102.4kWh | 总费用：55550.42元
2025-06-11完成 | 滚动常规 | q=0.75 | SOC：10200.0->10160.0 | 临时购电：143.5kWh | 总费用：55877.43元
2025-06-12完成 | 滚动常规 | q=0.75 | SOC：10160.0->10480.0 | 临时购电：62.6kWh | 总费用：56924.15元
2025-06-13完成 | 滚动常规 | q=0.75 | SOC：10480.0->10040.0 | 临时购电：274.1kWh | 总费用：22667.78元
2025-06-14完成 | 滚动常规 | q=0.75 | SOC：10040.0->10320.0 | 临时购电：290.9kWh | 总费用：23728.36元
2025-06-15完成 | 滚动常规 | q=0.75 | SOC：10320.0->10800.0 | 临时购电：27.8kWh | 总费用：59347.26元
2025-06-16完成 | 滚动常规 | q=0.75 | SOC：10800.0->10800.0 | 临时购电：76.6kWh | 总费用：59501.80元
2025-06-17完成 | 滚动常规 | q=0.75 | SOC：10800.0->10600.0 | 临时购电：133.5kWh | 总费用：58188.89元
2025-06-18完成 | 滚动常规 | q=0.75 | SOC：10600.0->10800.0 | 临时购电：33.1kWh | 总费用：58277.01元
2025-06-19完成 | 滚动常规 | q=0.75 | SOC：10800.0->10800.0 | 临时购电：36.9kWh | 总费用：59320.38元
2025-06-20完成 | 滚动常规 | q=0.75 | SOC：10800.0->10800.0 | 临时购电：159.2kWh | 总费用：24590.03元
2025-06-21完成 | 滚动常规 | q=0.75 | SOC：10800.0->10800.0 | 临时购电：175.9kWh | 总费用：25028.27元
2025-06-22完成 | 滚动常规 | q=0.75 | SOC：10800.0->10800.0 | 临时购电：49.5kWh | 总费用：57312.54元
2025-06-23完成 | 滚动常规 | q=0.75 | SOC：10800.0->10800.0 | 临时购电：39.1kWh | 总费用：56211.76元
2025-06-24完成 | 滚动常规 | q=0.75 | SOC：10800.0->10800.0 | 临时购电：187.1kWh | 总费用：55979.39元
2025-06-25完成 | 滚动常规 | q=0.75 | SOC：10800.0->10800.0 | 临时购电：31.4kWh | 总费用：56118.31元
2025-06-26完成 | 滚动常规 | q=0.75 | SOC：10800.0->10640.0 | 临时购电：46.7kWh | 总费用：57023.95元
2025-06-27完成 | 滚动常规 | q=0.75 | SOC：10640.0->10800.0 | 临时购电：162.8kWh | 总费用：23966.00元
2025-06-28完成 | 滚动常规 | q=0.75 | SOC：10800.0->10800.0 | 临时购电：172.8kWh | 总费用：24361.84元
2025-06-29完成 | 滚动常规 | q=0.75 | SOC：10800.0->10800.0 | 临时购电：14.5kWh | 总费用：56642.42元
2025-06-30完成 | 滚动常规 | q=0.75 | SOC：10800.0->10760.0 | 临时购电：49.9kWh | 总费用：57041.13元
2025-07-01完成 | 滚动常规 | q=0.75 | SOC：10760.0->9560.0 | 临时购电：3344.6kWh | 总费用：64711.65元
2025-07-02完成 | 滚动高风险 | q=0.85 | SOC：9560.0->9600.0 | 临时购电：664.2kWh | 总费用：56144.91元
2025-07-03完成 | 滚动高风险 | q=0.85 | SOC：9600.0->9680.0 | 临时购电：2566.0kWh | 总费用：64677.99元
2025-07-04完成 | 滚动高风险 | q=0.85 | SOC：9680.0->9520.0 | 临时购电：2487.6kWh | 总费用：33211.46元
2025-07-05完成 | 滚动高风险 | q=0.85 | SOC：9520.0->9640.0 | 临时购电：3059.0kWh | 总费用：37473.26元
2025-07-06完成 | 滚动高风险 | q=0.85 | SOC：9640.0->9640.0 | 临时购电：6534.0kWh | 总费用：78230.38元
2025-07-07完成 | 滚动高风险 | q=0.85 | SOC：9640.0->9600.0 | 临时购电：611.8kWh | 总费用：52367.99元
2025-07-08完成 | 滚动高风险 | q=0.85 | SOC：9600.0->10800.0 | 临时购电：51.2kWh | 总费用：60191.52元
2025-07-09完成 | 滚动高风险 | q=0.85 | SOC：10800.0->10800.0 | 临时购电：29.6kWh | 总费用：61383.01元
2025-07-10完成 | 滚动常规 | q=0.75 | SOC：10800.0->10240.0 | 临时购电：119.6kWh | 总费用：54843.25元
2025-07-11完成 | 滚动常规 | q=0.75 | SOC：10240.0->10320.0 | 临时购电：225.0kWh | 总费用：27579.83元
2025-07-12完成 | 滚动常规 | q=0.75 | SOC：10320.0->10160.0 | 临时购电：119.3kWh | 总费用：27032.69元
2025-07-13完成 | 滚动常规 | q=0.80 | SOC：10160.0->10760.0 | 临时购电：75.3kWh | 总费用：55306.95元
2025-07-14完成 | 滚动常规 | q=0.80 | SOC：10760.0->10520.0 | 临时购电：39.0kWh | 总费用：55575.96元
2025-07-15完成 | 滚动常规 | q=0.80 | SOC：10520.0->10800.0 | 临时购电：12.8kWh | 总费用：57102.95元
2025-07-16完成 | 滚动常规 | q=0.80 | SOC：10800.0->10800.0 | 临时购电：93.0kWh | 总费用：55447.70元
2025-07-17完成 | 滚动常规 | q=0.80 | SOC：10800.0->10800.0 | 临时购电：113.3kWh | 总费用：54842.52元
2025-07-18完成 | 滚动常规 | q=0.80 | SOC：10800.0->10800.0 | 临时购电：208.3kWh | 总费用：28582.10元
2025-07-19完成 | 滚动常规 | q=0.80 | SOC：10800.0->10800.0 | 临时购电：47.5kWh | 总费用：28128.32元
2025-07-20完成 | 滚动常规 | q=0.80 | SOC：10800.0->10800.0 | 临时购电：25.3kWh | 总费用：56620.98元
2025-07-21完成 | 滚动常规 | q=0.80 | SOC：10800.0->10800.0 | 临时购电：10.8kWh | 总费用：55891.47元
2025-07-22完成 | 滚动常规 | q=0.80 | SOC：10800.0->10800.0 | 临时购电：56.3kWh | 总费用：57801.73元
2025-07-23完成 | 滚动常规 | q=0.80 | SOC：10800.0->10800.0 | 临时购电：45.2kWh | 总费用：56783.42元
2025-07-24完成 | 滚动常规 | q=0.80 | SOC：10800.0->10800.0 | 临时购电：177.9kWh | 总费用：56601.33元
2025-07-25完成 | 滚动常规 | q=0.80 | SOC：10800.0->10800.0 | 临时购电：104.0kWh | 总费用：28023.53元
2025-07-26完成 | 滚动常规 | q=0.80 | SOC：10800.0->10800.0 | 临时购电：38.2kWh | 总费用：28260.71元
2025-07-27完成 | 滚动常规 | q=0.80 | SOC：10800.0->10800.0 | 临时购电：460.2kWh | 总费用：58208.33元
2025-07-28完成 | 滚动常规 | q=0.80 | SOC：10800.0->10800.0 | 临时购电：632.0kWh | 总费用：57122.19元
2025-07-29完成 | 滚动常规 | q=0.80 | SOC：10800.0->10800.0 | 临时购电：50.0kWh | 总费用：57595.87元
2025-07-30完成 | 滚动常规 | q=0.80 | SOC：10800.0->10800.0 | 临时购电：41.4kWh | 总费用：55701.29元
2025-07-31完成 | 滚动常规 | q=0.80 | SOC：10800.0->10800.0 | 临时购电：45.6kWh | 总费用：56601.82元
2025-08-01完成 | 滚动常规 | q=0.80 | SOC：10800.0->10800.0 | 临时购电：18.1kWh | 总费用：27360.39元
2025-08-02完成 | 滚动常规 | q=0.80 | SOC：10800.0->10800.0 | 临时购电：21.9kWh | 总费用：27407.84元
2025-08-03完成 | 滚动常规 | q=0.80 | SOC：10800.0->10520.0 | 临时购电：25.2kWh | 总费用：53215.85元
2025-08-04完成 | 滚动常规 | q=0.80 | SOC：10520.0->10800.0 | 临时购电：25.2kWh | 总费用：50730.83元
2025-08-05完成 | 滚动常规 | q=0.75 | SOC：10800.0->10800.0 | 临时购电：48.8kWh | 总费用：49729.83元
2025-08-06完成 | 滚动常规 | q=0.75 | SOC：10800.0->10800.0 | 临时购电：1016.9kWh | 总费用：52583.54元
2025-08-07完成 | 滚动高风险 | q=0.85 | SOC：10800.0->10800.0 | 临时购电：40.9kWh | 总费用：49836.47元
2025-08-08完成 | 滚动高风险 | q=0.85 | SOC：10800.0->10800.0 | 临时购电：6.4kWh | 总费用：27098.50元
2025-08-09完成 | 滚动高风险 | q=0.85 | SOC：10800.0->10800.0 | 临时购电：84.5kWh | 总费用：26888.42元
2025-08-10完成 | 滚动常规 | q=0.75 | SOC：10800.0->10800.0 | 临时购电：23.4kWh | 总费用：49794.19元
2025-08-11完成 | 滚动常规 | q=0.75 | SOC：10800.0->10800.0 | 临时购电：47.8kWh | 总费用：50430.36元
2025-08-12完成 | 滚动常规 | q=0.70 | SOC：10800.0->10400.0 | 临时购电：394.2kWh | 总费用：49619.53元
2025-08-13完成 | 滚动常规 | q=0.70 | SOC：10400.0->10800.0 | 临时购电：175.5kWh | 总费用：48597.49元
2025-08-14完成 | 滚动常规 | q=0.70 | SOC：10800.0->10640.0 | 临时购电：170.0kWh | 总费用：50236.00元
2025-08-15完成 | 滚动常规 | q=0.70 | SOC：10640.0->10480.0 | 临时购电：68.0kWh | 总费用：25328.72元
2025-08-16完成 | 滚动常规 | q=0.70 | SOC：10480.0->10400.0 | 临时购电：101.1kWh | 总费用：25539.94元
2025-08-17完成 | 滚动常规 | q=0.70 | SOC：10400.0->10800.0 | 临时购电：52.9kWh | 总费用：49282.44元
2025-08-18完成 | 滚动常规 | q=0.70 | SOC：10800.0->10800.0 | 临时购电：87.9kWh | 总费用：50487.53元
2025-08-19完成 | 滚动常规 | q=0.70 | SOC：10800.0->10600.0 | 临时购电：135.2kWh | 总费用：48790.03元
2025-08-20完成 | 滚动常规 | q=0.70 | SOC：10600.0->10800.0 | 临时购电：2333.8kWh | 总费用：57096.17元
2025-08-21完成 | 滚动高风险 | q=0.85 | SOC：10800.0->10800.0 | 临时购电：26.4kWh | 总费用：52834.28元
2025-08-22完成 | 滚动高风险 | q=0.85 | SOC：10800.0->10440.0 | 临时购电：227.1kWh | 总费用：27575.04元
2025-08-23完成 | 滚动高风险 | q=0.85 | SOC：10440.0->10800.0 | 临时购电：23.0kWh | 总费用：26823.51元
2025-08-24完成 | 滚动常规 | q=0.70 | SOC：10800.0->10800.0 | 临时购电：172.1kWh | 总费用：49491.38元
2025-08-25完成 | 滚动常规 | q=0.70 | SOC：10800.0->10680.0 | 临时购电：1626.5kWh | 总费用：55605.52元
2025-08-26完成 | 滚动高风险 | q=0.85 | SOC：10680.0->10800.0 | 临时购电：38.9kWh | 总费用：52980.55元
2025-08-27完成 | 滚动高风险 | q=0.85 | SOC：10800.0->10800.0 | 临时购电：46.3kWh | 总费用：51937.87元
2025-08-28完成 | 滚动高风险 | q=0.85 | SOC：10800.0->10800.0 | 临时购电：148.9kWh | 总费用：53545.16元
2025-08-29完成 | 滚动常规 | q=0.70 | SOC：10800.0->10760.0 | 临时购电：273.0kWh | 总费用：27312.04元
2025-08-30完成 | 滚动常规 | q=0.70 | SOC：10760.0->10600.0 | 临时购电：97.0kWh | 总费用：26589.08元
2025-08-31完成 | 滚动常规 | q=0.70 | SOC：10600.0->10800.0 | 临时购电：334.4kWh | 总费用：50302.99元
2025-09-01完成 | 滚动常规 | q=0.70 | SOC：10800.0->10800.0 | 临时购电：26.2kWh | 总费用：47607.79元
2025-09-02完成 | 滚动常规 | q=0.70 | SOC：10800.0->10800.0 | 临时购电：62.3kWh | 总费用：48717.96元
2025-09-03完成 | 滚动常规 | q=0.70 | SOC：10800.0->10800.0 | 临时购电：54.4kWh | 总费用：48297.32元
2025-09-04完成 | 滚动常规 | q=0.70 | SOC：10800.0->10800.0 | 临时购电：54.8kWh | 总费用：48254.04元
2025-09-05完成 | 滚动常规 | q=0.70 | SOC：10800.0->10800.0 | 临时购电：11.7kWh | 总费用：25538.13元
2025-09-06完成 | 滚动常规 | q=0.70 | SOC：10800.0->10800.0 | 临时购电：8.8kWh | 总费用：26040.30元
2025-09-07完成 | 滚动常规 | q=0.70 | SOC：10800.0->10800.0 | 临时购电：139.5kWh | 总费用：48035.90元
2025-09-08完成 | 滚动常规 | q=0.70 | SOC：10800.0->10800.0 | 临时购电：3373.3kWh | 总费用：54432.52元
2025-09-09完成 | 滚动高风险 | q=0.85 | SOC：10800.0->10800.0 | 临时购电：19.3kWh | 总费用：46848.12元
2025-09-10完成 | 滚动高风险 | q=0.85 | SOC：10800.0->10800.0 | 临时购电：2289.5kWh | 总费用：55322.84元
2025-09-11完成 | 滚动高风险 | q=0.85 | SOC：10800.0->10800.0 | 临时购电：55.4kWh | 总费用：47448.86元
2025-09-12完成 | 滚动高风险 | q=0.85 | SOC：10800.0->10800.0 | 临时购电：78.3kWh | 总费用：24033.22元
2025-09-13完成 | 滚动高风险 | q=0.85 | SOC：10800.0->10800.0 | 临时购电：2.9kWh | 总费用：24547.67元
2025-09-14完成 | 滚动常规 | q=0.75 | SOC：10800.0->10800.0 | 临时购电：3031.4kWh | 总费用：54309.67元
2025-09-15完成 | 滚动高风险 | q=0.85 | SOC：10800.0->10800.0 | 临时购电：24.4kWh | 总费用：48479.72元
2025-09-16完成 | 滚动高风险 | q=0.85 | SOC：10800.0->10800.0 | 临时购电：96.8kWh | 总费用：48478.35元
2025-09-17完成 | 滚动高风险 | q=0.85 | SOC：10800.0->10800.0 | 临时购电：275.4kWh | 总费用：49334.35元
2025-09-18完成 | 滚动常规 | q=0.75 | SOC：10800.0->10800.0 | 临时购电：247.9kWh | 总费用：48354.42元
2025-09-19完成 | 滚动常规 | q=0.75 | SOC：10800.0->10800.0 | 临时购电：64.2kWh | 总费用：23946.90元
2025-09-20完成 | 滚动常规 | q=0.75 | SOC：10800.0->10800.0 | 临时购电：260.8kWh | 总费用：24932.36元
2025-09-21完成 | 滚动常规 | q=0.75 | SOC：10800.0->10800.0 | 临时购电：152.1kWh | 总费用：47510.74元
2025-09-22完成 | 滚动常规 | q=0.70 | SOC：10800.0->10680.0 | 临时购电：102.2kWh | 总费用：44733.21元
2025-09-23完成 | 滚动常规 | q=0.70 | SOC：10680.0->10680.0 | 临时购电：673.7kWh | 总费用：46727.43元
2025-09-24完成 | 滚动常规 | q=0.70 | SOC：10680.0->10800.0 | 临时购电：521.3kWh | 总费用：46544.60元
2025-09-25完成 | 滚动常规 | q=0.70 | SOC：10800.0->10800.0 | 临时购电：133.3kWh | 总费用：45045.54元
2025-09-26完成 | 滚动常规 | q=0.70 | SOC：10800.0->10800.0 | 临时购电：72.0kWh | 总费用：21210.00元
2025-09-27完成 | 滚动常规 | q=0.70 | SOC：10800.0->10320.0 | 临时购电：480.1kWh | 总费用：22862.86元
2025-09-28完成 | 滚动常规 | q=0.70 | SOC：10320.0->10800.0 | 临时购电：1057.9kWh | 总费用：49461.46元
2025-09-29完成 | 滚动高风险 | q=0.85 | SOC：10800.0->10800.0 | 临时购电：32.6kWh | 总费用：47669.24元
2025-09-30完成 | 滚动高风险 | q=0.85 | SOC：10800.0->10800.0 | 临时购电：579.8kWh | 总费用：49293.85元
2025-10-01完成 | 滚动高风险 | q=0.85 | SOC：10800.0->10800.0 | 临时购电：13.0kWh | 总费用：53666.58元
2025-10-02完成 | 滚动常规 | q=0.70 | SOC：10800.0->10800.0 | 临时购电：18.2kWh | 总费用：49009.57元
2025-10-03完成 | 滚动常规 | q=0.70 | SOC：10800.0->10800.0 | 临时购电：32.8kWh | 总费用：20307.87元
2025-10-04完成 | 滚动常规 | q=0.70 | SOC：10800.0->10800.0 | 临时购电：23.1kWh | 总费用：21214.52元
2025-10-05完成 | 滚动常规 | q=0.70 | SOC：10800.0->10800.0 | 临时购电：56.8kWh | 总费用：47637.92元
2025-10-06完成 | 滚动常规 | q=0.70 | SOC：10800.0->10800.0 | 临时购电：35.2kWh | 总费用：48300.89元
2025-10-07完成 | 滚动常规 | q=0.70 | SOC：10800.0->10800.0 | 临时购电：63.8kWh | 总费用：47958.37元
2025-10-08完成 | 滚动常规 | q=0.70 | SOC：10800.0->10800.0 | 临时购电：27.4kWh | 总费用：48581.13元
2025-10-09完成 | 滚动常规 | q=0.70 | SOC：10800.0->10800.0 | 临时购电：60.1kWh | 总费用：47718.65元
2025-10-10完成 | 滚动常规 | q=0.70 | SOC：10800.0->10800.0 | 临时购电：93.5kWh | 总费用：19508.39元
2025-10-11完成 | 滚动常规 | q=0.70 | SOC：10800.0->10800.0 | 临时购电：29.0kWh | 总费用：20377.52元
2025-10-12完成 | 滚动常规 | q=0.70 | SOC：10800.0->10800.0 | 临时购电：29.8kWh | 总费用：48199.40元
2025-10-13完成 | 滚动常规 | q=0.70 | SOC：10800.0->10800.0 | 临时购电：49.6kWh | 总费用：47887.78元
2025-10-14完成 | 滚动常规 | q=0.70 | SOC：10800.0->10800.0 | 临时购电：72.2kWh | 总费用：48364.28元
2025-10-15完成 | 滚动常规 | q=0.70 | SOC：10800.0->10800.0 | 临时购电：33.4kWh | 总费用：49654.19元
2025-10-16完成 | 滚动常规 | q=0.70 | SOC：10800.0->10800.0 | 临时购电：74.1kWh | 总费用：49544.32元
2025-10-17完成 | 滚动常规 | q=0.70 | SOC：10800.0->10800.0 | 临时购电：39.8kWh | 总费用：19882.47元
2025-10-18完成 | 滚动常规 | q=0.70 | SOC：10800.0->10800.0 | 临时购电：75.4kWh | 总费用：20058.38元
2025-10-19完成 | 滚动常规 | q=0.70 | SOC：10800.0->10800.0 | 临时购电：108.2kWh | 总费用：50351.46元
2025-10-20完成 | 滚动常规 | q=0.70 | SOC：10800.0->10800.0 | 临时购电：72.9kWh | 总费用：51154.25元
2025-10-21完成 | 滚动常规 | q=0.70 | SOC：10800.0->10800.0 | 临时购电：53.6kWh | 总费用：52245.56元
2025-10-22完成 | 滚动常规 | q=0.70 | SOC：10800.0->10480.0 | 临时购电：58.9kWh | 总费用：50250.52元
2025-10-23完成 | 滚动常规 | q=0.70 | SOC：10480.0->10760.0 | 临时购电：77.6kWh | 总费用：50787.73元
2025-10-24完成 | 滚动常规 | q=0.70 | SOC：10760.0->10400.0 | 临时购电：165.5kWh | 总费用：19508.98元
2025-10-25完成 | 滚动常规 | q=0.70 | SOC：10400.0->10360.0 | 临时购电：122.9kWh | 总费用：19871.48元
2025-10-26完成 | 滚动常规 | q=0.70 | SOC：10360.0->10800.0 | 临时购电：27.6kWh | 总费用：51397.39元
2025-10-27完成 | 滚动常规 | q=0.70 | SOC：10800.0->10680.0 | 临时购电：72.0kWh | 总费用：50858.55元
2025-10-28完成 | 滚动常规 | q=0.70 | SOC：10680.0->10720.0 | 临时购电：79.0kWh | 总费用：51193.44元
2025-10-29完成 | 滚动常规 | q=0.70 | SOC：10720.0->10280.0 | 临时购电：111.1kWh | 总费用：50269.37元
2025-10-30完成 | 滚动常规 | q=0.70 | SOC：10280.0->10560.0 | 临时购电：50.2kWh | 总费用：51723.11元
2025-10-31完成 | 滚动常规 | q=0.70 | SOC：10560.0->10200.0 | 临时购电：182.5kWh | 总费用：19962.74元
2025-11-01完成 | 滚动常规 | q=0.70 | SOC：10200.0->10560.0 | 临时购电：95.2kWh | 总费用：20266.77元
2025-11-02完成 | 滚动常规 | q=0.70 | SOC：10560.0->10200.0 | 临时购电：39.7kWh | 总费用：52592.55元
2025-11-03完成 | 滚动常规 | q=0.70 | SOC：10200.0->10800.0 | 临时购电：51.4kWh | 总费用：53206.03元
2025-11-04完成 | 滚动常规 | q=0.70 | SOC：10800.0->10120.0 | 临时购电：54.6kWh | 总费用：52869.82元
2025-11-05完成 | 滚动常规 | q=0.70 | SOC：10120.0->10560.0 | 临时购电：84.9kWh | 总费用：54008.55元
2025-11-06完成 | 滚动常规 | q=0.70 | SOC：10560.0->10480.0 | 临时购电：118.2kWh | 总费用：53648.91元
2025-11-07完成 | 滚动常规 | q=0.70 | SOC：10480.0->10360.0 | 临时购电：127.0kWh | 总费用：20354.11元
2025-11-08完成 | 滚动常规 | q=0.70 | SOC：10360.0->10440.0 | 临时购电：160.4kWh | 总费用：20492.30元
2025-11-09完成 | 滚动常规 | q=0.70 | SOC：10440.0->10520.0 | 临时购电：27.0kWh | 总费用：54337.24元
2025-11-10完成 | 滚动常规 | q=0.70 | SOC：10520.0->10400.0 | 临时购电：60.1kWh | 总费用：55074.45元
2025-11-11完成 | 滚动常规 | q=0.70 | SOC：10400.0->10440.0 | 临时购电：67.1kWh | 总费用：55404.64元
2025-11-12完成 | 滚动常规 | q=0.70 | SOC：10440.0->10560.0 | 临时购电：27.3kWh | 总费用：55787.00元
2025-11-13完成 | 滚动常规 | q=0.70 | SOC：10560.0->10400.0 | 临时购电：84.8kWh | 总费用：54699.60元
2025-11-14完成 | 滚动常规 | q=0.70 | SOC：10400.0->10560.0 | 临时购电：163.9kWh | 总费用：21401.87元
2025-11-15完成 | 滚动常规 | q=0.70 | SOC：10560.0->10280.0 | 临时购电：140.4kWh | 总费用：21355.74元
2025-11-16完成 | 滚动常规 | q=0.70 | SOC：10280.0->10560.0 | 临时购电：37.7kWh | 总费用：56670.66元
2025-11-17完成 | 滚动常规 | q=0.70 | SOC：10560.0->10560.0 | 临时购电：53.3kWh | 总费用：56894.54元
2025-11-18完成 | 滚动常规 | q=0.70 | SOC：10560.0->10560.0 | 临时购电：24.4kWh | 总费用：56558.69元
2025-11-19完成 | 滚动常规 | q=0.70 | SOC：10560.0->10360.0 | 临时购电：112.3kWh | 总费用：57388.16元
2025-11-20完成 | 滚动常规 | q=0.70 | SOC：10360.0->10600.0 | 临时购电：57.5kWh | 总费用：57496.16元
2025-11-21完成 | 滚动常规 | q=0.70 | SOC：10600.0->10520.0 | 临时购电：190.5kWh | 总费用：22113.16元
2025-11-22完成 | 滚动常规 | q=0.70 | SOC：10520.0->10360.0 | 临时购电：124.8kWh | 总费用：22266.34元
2025-11-23完成 | 滚动常规 | q=0.70 | SOC：10360.0->10600.0 | 临时购电：60.2kWh | 总费用：58443.10元
2025-11-24完成 | 滚动常规 | q=0.70 | SOC：10600.0->10320.0 | 临时购电：25.0kWh | 总费用：58000.72元
2025-11-25完成 | 滚动常规 | q=0.70 | SOC：10320.0->10520.0 | 临时购电：38.3kWh | 总费用：57501.91元
2025-11-26完成 | 滚动常规 | q=0.70 | SOC：10520.0->10760.0 | 临时购电：31.0kWh | 总费用：58173.61元
2025-11-27完成 | 滚动常规 | q=0.70 | SOC：10760.0->10680.0 | 临时购电：12.3kWh | 总费用：58941.34元
2025-11-28完成 | 滚动常规 | q=0.70 | SOC：10680.0->10400.0 | 临时购电：45.5kWh | 总费用：23060.98元
2025-11-29完成 | 滚动常规 | q=0.70 | SOC：10400.0->10360.0 | 临时购电：61.3kWh | 总费用：23006.43元
2025-11-30完成 | 滚动常规 | q=0.70 | SOC：10360.0->10480.0 | 临时购电：10.0kWh | 总费用：59722.17元
2025-12-01完成 | 滚动常规 | q=0.70 | SOC：10480.0->10600.0 | 临时购电：1401.2kWh | 总费用：65285.83元
2025-12-02完成 | 滚动高风险 | q=0.85 | SOC：10600.0->10560.0 | 临时购电：1596.4kWh | 总费用：69186.68元
2025-12-03完成 | 滚动高风险 | q=0.85 | SOC：10560.0->10640.0 | 临时购电：291.1kWh | 总费用：63318.17元
2025-12-04完成 | 滚动高风险 | q=0.85 | SOC：10640.0->10640.0 | 临时购电：583.5kWh | 总费用：65378.10元
2025-12-05完成 | 滚动高风险 | q=0.85 | SOC：10640.0->10680.0 | 临时购电：222.4kWh | 总费用：27698.09元
2025-12-06完成 | 滚动常规 | q=0.70 | SOC：10680.0->10240.0 | 临时购电：2776.0kWh | 总费用：33118.84元
2025-12-07完成 | 滚动高风险 | q=0.85 | SOC：10240.0->10720.0 | 临时购电：110.4kWh | 总费用：65775.18元
2025-12-08完成 | 滚动高风险 | q=0.85 | SOC：10720.0->10800.0 | 临时购电：0.6kWh | 总费用：71136.67元
2025-12-09完成 | 滚动高风险 | q=0.85 | SOC：10800.0->10800.0 | 临时购电：9.8kWh | 总费用：70660.15元
2025-12-10完成 | 滚动常规 | q=0.70 | SOC：10800.0->10800.0 | 临时购电：127.0kWh | 总费用：66493.81元
2025-12-11完成 | 滚动常规 | q=0.70 | SOC：10800.0->10800.0 | 临时购电：103.9kWh | 总费用：66289.56元
2025-12-12完成 | 滚动常规 | q=0.70 | SOC：10800.0->10760.0 | 临时购电：204.2kWh | 总费用：28553.73元
2025-12-13完成 | 滚动常规 | q=0.70 | SOC：10760.0->10680.0 | 临时购电：161.5kWh | 总费用：29292.10元
2025-12-14完成 | 滚动常规 | q=0.70 | SOC：10680.0->10720.0 | 临时购电：43.8kWh | 总费用：67644.71元
2025-12-15完成 | 滚动常规 | q=0.70 | SOC：10720.0->10680.0 | 临时购电：34.0kWh | 总费用：69263.34元
2025-12-16完成 | 滚动常规 | q=0.70 | SOC：10680.0->10680.0 | 临时购电：19.3kWh | 总费用：68863.92元
2025-12-17完成 | 滚动常规 | q=0.70 | SOC：10680.0->10600.0 | 临时购电：17.0kWh | 总费用：68374.71元
2025-12-18完成 | 滚动常规 | q=0.70 | SOC：10600.0->10440.0 | 临时购电：24.1kWh | 总费用：67806.18元
2025-12-19完成 | 滚动常规 | q=0.70 | SOC：10440.0->10480.0 | 临时购电：52.4kWh | 总费用：30573.15元
2025-12-20完成 | 滚动常规 | q=0.70 | SOC：10480.0->10400.0 | 临时购电：70.9kWh | 总费用：30169.05元
2025-12-21完成 | 滚动常规 | q=0.70 | SOC：10400.0->10680.0 | 临时购电：56.6kWh | 总费用：68889.06元
2025-12-22完成 | 滚动常规 | q=0.70 | SOC：10680.0->10360.0 | 临时购电：71.9kWh | 总费用：68494.39元
2025-12-23完成 | 滚动常规 | q=0.70 | SOC：10360.0->10760.0 | 临时购电：28.2kWh | 总费用：69064.23元
2025-12-24完成 | 滚动常规 | q=0.70 | SOC：10760.0->10440.0 | 临时购电：41.6kWh | 总费用：68476.16元
2025-12-25完成 | 滚动常规 | q=0.70 | SOC：10440.0->10480.0 | 临时购电：45.8kWh | 总费用：68952.72元
2025-12-26完成 | 滚动常规 | q=0.70 | SOC：10480.0->10720.0 | 临时购电：88.6kWh | 总费用：30510.82元
2025-12-27完成 | 滚动常规 | q=0.70 | SOC：10720.0->10320.0 | 临时购电：70.5kWh | 总费用：30350.75元
2025-12-28完成 | 滚动常规 | q=0.70 | SOC：10320.0->10720.0 | 临时购电：41.6kWh | 总费用：68805.63元
2025-12-29完成 | 滚动常规 | q=0.70 | SOC：10720.0->10400.0 | 临时购电：34.0kWh | 总费用：68391.13元
2025-12-30完成 | 滚动常规 | q=0.70 | SOC：10400.0->10440.0 | 临时购电：35.5kWh | 总费用：68195.09元
2025-12-31完成 | 滚动常规 | q=0.70 | SOC：10440.0->10240.0 | 临时购电：39.2kWh | 总费用：67814.89元

========== 问题二正式评价完成 ==========
正式评价区间：2025-02-01 至 2025-12-31
正式评价天数：334
未纳入评价的预热天数：31
日末库存价值系数：0.481548 元/kWh
计划购电费用：14779082.48 元
临时购电费用：332634.98 元
总费用：15111717.46 元
临时购电总量：79172.21 kWh
结果明细：C:\Users\LENOVO\Desktop\数模\C题\outputs\problem2_same_type_sweep_40\problem2_detail.csv
每日汇总：C:\Users\LENOVO\Desktop\数模\C题\outputs\problem2_same_type_sweep_40\problem2_daily_summary.csv
提交表格：C:\Users\LENOVO\Desktop\数模\C题\outputs\problem2_same_type_sweep_40\result2.xlsx
包含三张表：
  1. 计划购电量（日期×144时段）
  2. 充放电量（6个4小时时段）
  3. 紧急购电量（日期、购电时间段、购电量）
===== soc-step=40 总费用 = 15111717.46 元 =====

===== 开始运行 soc-step=45 =====
正式评价区间：2025-02-01 至 2025-12-31
正式评价天数：334
未纳入正式评价的预热日期：31天
日末库存价值系数：0.481548 元/kWh
预测安全修正：负荷×1.050，非夏季光伏×0.900，7至9月光伏×1.050
预测时间衰减系数：0.900
分解预测设置：同类型日最少3天，日总量趋势截断0.200，光伏最近7天
滚动偏差校准：回看30天，强度0.500
动态分位数：常规[0.5, 0.6, 0.7, 0.75, 0.8, 0.85, 0.9]，高风险[0.85, 0.9, 0.95]
滚动最优分位数：回看30天，最少历史7天，临时购电惩罚×5.0
2025-02-01完成 | 滚动常规 | q=0.90 | SOC：6000.0->10785.0 | 临时购电：27.8kWh | 总费用：32500.74元
2025-02-02完成 | 滚动常规 | q=0.90 | SOC：10785.0->10785.0 | 临时购电：8.4kWh | 总费用：67418.57元
2025-02-03完成 | 滚动常规 | q=0.90 | SOC：10785.0->10785.0 | 临时购电：2.9kWh | 总费用：67058.43元
2025-02-04完成 | 滚动常规 | q=0.90 | SOC：10785.0->10785.0 | 临时购电：5.1kWh | 总费用：68514.90元
2025-02-05完成 | 滚动常规 | q=0.85 | SOC：10785.0->10785.0 | 临时购电：3.3kWh | 总费用：67912.24元
2025-02-06完成 | 滚动常规 | q=0.85 | SOC：10785.0->10785.0 | 临时购电：10.2kWh | 总费用：67712.43元
2025-02-07完成 | 滚动常规 | q=0.85 | SOC：10785.0->10380.0 | 临时购电：24.3kWh | 总费用：29244.95元
2025-02-08完成 | 滚动常规 | q=0.85 | SOC：10380.0->10335.0 | 临时购电：32.5kWh | 总费用：26926.29元
2025-02-09完成 | 滚动常规 | q=0.85 | SOC：10335.0->10515.0 | 临时购电：18.1kWh | 总费用：64685.88元
2025-02-10完成 | 滚动常规 | q=0.85 | SOC：10515.0->10515.0 | 临时购电：3.8kWh | 总费用：64090.86元
2025-02-11完成 | 滚动常规 | q=0.85 | SOC：10515.0->10335.0 | 临时购电：13.1kWh | 总费用：61752.84元
2025-02-12完成 | 滚动常规 | q=0.70 | SOC：10335.0->10515.0 | 临时购电：28.1kWh | 总费用：62236.97元
2025-02-13完成 | 滚动常规 | q=0.70 | SOC：10515.0->10515.0 | 临时购电：36.9kWh | 总费用：62279.30元
2025-02-14完成 | 滚动常规 | q=0.70 | SOC：10515.0->10335.0 | 临时购电：91.7kWh | 总费用：24628.37元
2025-02-15完成 | 滚动常规 | q=0.70 | SOC：10335.0->10110.0 | 临时购电：76.4kWh | 总费用：23984.04元
2025-02-16完成 | 滚动常规 | q=0.70 | SOC：10110.0->10425.0 | 临时购电：44.6kWh | 总费用：61341.05元
2025-02-17完成 | 滚动常规 | q=0.70 | SOC：10425.0->10335.0 | 临时购电：60.9kWh | 总费用：60556.14元
2025-02-18完成 | 滚动常规 | q=0.70 | SOC：10335.0->10470.0 | 临时购电：24.5kWh | 总费用：60128.69元
2025-02-19完成 | 滚动常规 | q=0.70 | SOC：10470.0->10155.0 | 临时购电：46.2kWh | 总费用：58589.65元
2025-02-20完成 | 滚动常规 | q=0.70 | SOC：10155.0->10470.0 | 临时购电：28.8kWh | 总费用：60992.10元
2025-02-21完成 | 滚动常规 | q=0.70 | SOC：10470.0->10560.0 | 临时购电：97.1kWh | 总费用：23830.63元
2025-02-22完成 | 滚动常规 | q=0.70 | SOC：10560.0->10380.0 | 临时购电：82.9kWh | 总费用：22628.85元
2025-02-23完成 | 滚动常规 | q=0.70 | SOC：10380.0->10155.0 | 临时购电：18.5kWh | 总费用：58195.50元
2025-02-24完成 | 滚动常规 | q=0.70 | SOC：10155.0->10245.0 | 临时购电：21.2kWh | 总费用：58712.89元
2025-02-25完成 | 滚动常规 | q=0.70 | SOC：10245.0->10425.0 | 临时购电：41.5kWh | 总费用：59782.96元
2025-02-26完成 | 滚动常规 | q=0.70 | SOC：10425.0->10470.0 | 临时购电：38.4kWh | 总费用：57143.37元
2025-02-27完成 | 滚动常规 | q=0.70 | SOC：10470.0->10470.0 | 临时购电：30.8kWh | 总费用：58001.19元
2025-02-28完成 | 滚动常规 | q=0.70 | SOC：10470.0->10335.0 | 临时购电：88.0kWh | 总费用：21938.16元
2025-03-01完成 | 滚动常规 | q=0.70 | SOC：10335.0->10335.0 | 临时购电：149.3kWh | 总费用：21089.99元
2025-03-02完成 | 滚动常规 | q=0.70 | SOC：10335.0->10335.0 | 临时购电：38.2kWh | 总费用：56129.70元
2025-03-03完成 | 滚动常规 | q=0.70 | SOC：10335.0->10245.0 | 临时购电：70.2kWh | 总费用：56652.37元
2025-03-04完成 | 滚动常规 | q=0.70 | SOC：10245.0->10200.0 | 临时购电：13.0kWh | 总费用：59306.27元
2025-03-05完成 | 滚动常规 | q=0.70 | SOC：10200.0->10200.0 | 临时购电：36.2kWh | 总费用：58081.03元
2025-03-06完成 | 滚动常规 | q=0.70 | SOC：10200.0->10425.0 | 临时购电：10.9kWh | 总费用：57341.34元
2025-03-07完成 | 滚动常规 | q=0.70 | SOC：10425.0->10380.0 | 临时购电：45.1kWh | 总费用：21992.00元
2025-03-08完成 | 滚动常规 | q=0.70 | SOC：10380.0->10335.0 | 临时购电：239.4kWh | 总费用：20776.51元
2025-03-09完成 | 滚动常规 | q=0.70 | SOC：10335.0->10335.0 | 临时购电：68.4kWh | 总费用：55225.21元
2025-03-10完成 | 滚动常规 | q=0.70 | SOC：10335.0->10335.0 | 临时购电：36.8kWh | 总费用：52326.78元
2025-03-11完成 | 滚动常规 | q=0.70 | SOC：10335.0->10380.0 | 临时购电：42.9kWh | 总费用：53592.05元
2025-03-12完成 | 滚动常规 | q=0.70 | SOC：10380.0->10335.0 | 临时购电：39.6kWh | 总费用：53579.69元
2025-03-13完成 | 滚动常规 | q=0.70 | SOC：10335.0->10155.0 | 临时购电：57.8kWh | 总费用：52325.77元
2025-03-14完成 | 滚动常规 | q=0.70 | SOC：10155.0->10155.0 | 临时购电：136.2kWh | 总费用：19261.71元
2025-03-15完成 | 滚动常规 | q=0.70 | SOC：10155.0->9975.0 | 临时购电：178.1kWh | 总费用：19942.57元
2025-03-16完成 | 滚动常规 | q=0.70 | SOC：9975.0->10560.0 | 临时购电：63.0kWh | 总费用：53821.05元
2025-03-17完成 | 滚动常规 | q=0.70 | SOC：10560.0->10560.0 | 临时购电：55.4kWh | 总费用：51158.66元
2025-03-18完成 | 滚动常规 | q=0.70 | SOC：10560.0->10425.0 | 临时购电：45.3kWh | 总费用：50669.65元
2025-03-19完成 | 滚动常规 | q=0.70 | SOC：10425.0->10605.0 | 临时购电：39.6kWh | 总费用：51366.35元
2025-03-20完成 | 滚动常规 | q=0.70 | SOC：10605.0->10335.0 | 临时购电：68.7kWh | 总费用：50720.69元
2025-03-21完成 | 滚动常规 | q=0.70 | SOC：10335.0->10110.0 | 临时购电：131.5kWh | 总费用：18967.36元
2025-03-22完成 | 滚动常规 | q=0.70 | SOC：10110.0->10740.0 | 临时购电：110.8kWh | 总费用：19349.67元
2025-03-23完成 | 滚动常规 | q=0.70 | SOC：10740.0->10335.0 | 临时购电：46.3kWh | 总费用：50104.05元
2025-03-24完成 | 滚动常规 | q=0.70 | SOC：10335.0->10695.0 | 临时购电：53.2kWh | 总费用：50855.12元
2025-03-25完成 | 滚动常规 | q=0.70 | SOC：10695.0->10155.0 | 临时购电：28.8kWh | 总费用：47733.46元
2025-03-26完成 | 滚动常规 | q=0.70 | SOC：10155.0->10245.0 | 临时购电：60.8kWh | 总费用：48583.15元
2025-03-27完成 | 滚动常规 | q=0.70 | SOC：10245.0->10335.0 | 临时购电：88.8kWh | 总费用：47610.75元
2025-03-28完成 | 滚动常规 | q=0.70 | SOC：10335.0->10470.0 | 临时购电：131.2kWh | 总费用：18869.23元
2025-03-29完成 | 滚动常规 | q=0.70 | SOC：10470.0->10380.0 | 临时购电：130.6kWh | 总费用：18158.85元
2025-03-30完成 | 滚动常规 | q=0.70 | SOC：10380.0->10560.0 | 临时购电：36.8kWh | 总费用：48206.37元
2025-03-31完成 | 滚动常规 | q=0.70 | SOC：10560.0->10650.0 | 临时购电：15.2kWh | 总费用：48735.63元
2025-04-01完成 | 滚动常规 | q=0.70 | SOC：10650.0->10470.0 | 临时购电：72.2kWh | 总费用：47268.06元
2025-04-02完成 | 滚动常规 | q=0.70 | SOC：10470.0->10515.0 | 临时购电：43.3kWh | 总费用：47783.60元
2025-04-03完成 | 滚动常规 | q=0.70 | SOC：10515.0->10605.0 | 临时购电：98.4kWh | 总费用：47916.20元
2025-04-04完成 | 滚动常规 | q=0.70 | SOC：10605.0->10650.0 | 临时购电：109.3kWh | 总费用：17933.94元
2025-04-05完成 | 滚动常规 | q=0.70 | SOC：10650.0->10425.0 | 临时购电：54.7kWh | 总费用：17468.46元
2025-04-06完成 | 滚动常规 | q=0.70 | SOC：10425.0->10335.0 | 临时购电：26.5kWh | 总费用：48467.26元
2025-04-07完成 | 滚动常规 | q=0.70 | SOC：10335.0->10515.0 | 临时购电：30.2kWh | 总费用：45951.27元
2025-04-08完成 | 滚动常规 | q=0.70 | SOC：10515.0->10380.0 | 临时购电：83.1kWh | 总费用：45924.86元
2025-04-09完成 | 滚动常规 | q=0.70 | SOC：10380.0->10605.0 | 临时购电：89.2kWh | 总费用：45537.04元
2025-04-10完成 | 滚动常规 | q=0.70 | SOC：10605.0->10470.0 | 临时购电：37.2kWh | 总费用：46583.66元
2025-04-11完成 | 滚动常规 | q=0.70 | SOC：10470.0->10425.0 | 临时购电：105.6kWh | 总费用：17095.53元
2025-04-12完成 | 滚动常规 | q=0.70 | SOC：10425.0->10425.0 | 临时购电：59.5kWh | 总费用：17379.80元
2025-04-13完成 | 滚动常规 | q=0.70 | SOC：10425.0->10380.0 | 临时购电：53.7kWh | 总费用：45002.55元
2025-04-14完成 | 滚动常规 | q=0.70 | SOC：10380.0->10200.0 | 临时购电：48.7kWh | 总费用：44532.10元
2025-04-15完成 | 滚动常规 | q=0.70 | SOC：10200.0->10245.0 | 临时购电：36.3kWh | 总费用：45128.14元
2025-04-16完成 | 滚动常规 | q=0.70 | SOC：10245.0->10470.0 | 临时购电：63.2kWh | 总费用：43679.00元
2025-04-17完成 | 滚动常规 | q=0.70 | SOC：10470.0->10425.0 | 临时购电：33.7kWh | 总费用：44289.68元
2025-04-18完成 | 滚动常规 | q=0.70 | SOC：10425.0->10650.0 | 临时购电：122.7kWh | 总费用：16769.48元
2025-04-19完成 | 滚动常规 | q=0.70 | SOC：10650.0->10380.0 | 临时购电：62.0kWh | 总费用：16525.71元
2025-04-20完成 | 滚动常规 | q=0.70 | SOC：10380.0->10740.0 | 临时购电：44.6kWh | 总费用：43255.90元
2025-04-21完成 | 滚动常规 | q=0.70 | SOC：10740.0->10200.0 | 临时购电：36.0kWh | 总费用：44095.79元
2025-04-22完成 | 滚动常规 | q=0.70 | SOC：10200.0->10560.0 | 临时购电：46.9kWh | 总费用：44641.58元
2025-04-23完成 | 滚动常规 | q=0.70 | SOC：10560.0->10605.0 | 临时购电：56.9kWh | 总费用：43162.24元
2025-04-24完成 | 滚动常规 | q=0.70 | SOC：10605.0->10515.0 | 临时购电：48.0kWh | 总费用：42677.64元
2025-04-25完成 | 滚动常规 | q=0.70 | SOC：10515.0->10335.0 | 临时购电：72.1kWh | 总费用：15570.17元
2025-04-26完成 | 滚动常规 | q=0.70 | SOC：10335.0->10515.0 | 临时购电：68.0kWh | 总费用：15903.37元
2025-04-27完成 | 滚动常规 | q=0.70 | SOC：10515.0->10380.0 | 临时购电：34.8kWh | 总费用：40134.81元
2025-04-28完成 | 滚动常规 | q=0.70 | SOC：10380.0->10695.0 | 临时购电：49.7kWh | 总费用：42682.44元
2025-04-29完成 | 滚动常规 | q=0.70 | SOC：10695.0->10650.0 | 临时购电：28.2kWh | 总费用：42444.63元
2025-04-30完成 | 滚动常规 | q=0.70 | SOC：10650.0->10380.0 | 临时购电：46.9kWh | 总费用：42742.79元
2025-05-01完成 | 滚动常规 | q=0.70 | SOC：10380.0->9660.0 | 临时购电：628.9kWh | 总费用：45986.18元
2025-05-02完成 | 滚动常规 | q=0.70 | SOC：9660.0->9750.0 | 临时购电：803.7kWh | 总费用：20330.99元
2025-05-03完成 | 滚动常规 | q=0.70 | SOC：9750.0->9795.0 | 临时购电：891.4kWh | 总费用：20714.47元
2025-05-04完成 | 滚动常规 | q=0.70 | SOC：9795.0->9705.0 | 临时购电：651.1kWh | 总费用：46056.05元
2025-05-05完成 | 滚动常规 | q=0.70 | SOC：9705.0->9795.0 | 临时购电：377.1kWh | 总费用：43978.45元
2025-05-06完成 | 滚动常规 | q=0.70 | SOC：9795.0->9615.0 | 临时购电：495.9kWh | 总费用：44730.83元
2025-05-07完成 | 滚动常规 | q=0.70 | SOC：9615.0->9840.0 | 临时购电：475.2kWh | 总费用：47219.71元
2025-05-08完成 | 滚动常规 | q=0.70 | SOC：9840.0->9840.0 | 临时购电：228.3kWh | 总费用：46583.16元
2025-05-09完成 | 滚动常规 | q=0.70 | SOC：9840.0->9840.0 | 临时购电：172.7kWh | 总费用：17701.41元
2025-05-10完成 | 滚动常规 | q=0.70 | SOC：9840.0->9840.0 | 临时购电：157.5kWh | 总费用：17694.69元
2025-05-11完成 | 滚动常规 | q=0.70 | SOC：9840.0->9975.0 | 临时购电：281.2kWh | 总费用：47072.65元
2025-05-12完成 | 滚动常规 | q=0.70 | SOC：9975.0->10200.0 | 临时购电：101.2kWh | 总费用：45219.61元
2025-05-13完成 | 滚动常规 | q=0.70 | SOC：10200.0->10155.0 | 临时购电：76.4kWh | 总费用：45442.53元
2025-05-14完成 | 滚动常规 | q=0.70 | SOC：10155.0->10065.0 | 临时购电：27.9kWh | 总费用：44930.07元
2025-05-15完成 | 滚动常规 | q=0.70 | SOC：10065.0->10695.0 | 临时购电：32.7kWh | 总费用：44640.70元
2025-05-16完成 | 滚动常规 | q=0.70 | SOC：10695.0->10515.0 | 临时购电：45.8kWh | 总费用：17061.52元
2025-05-17完成 | 滚动常规 | q=0.70 | SOC：10515.0->10245.0 | 临时购电：95.8kWh | 总费用：17440.54元
2025-05-18完成 | 滚动常规 | q=0.70 | SOC：10245.0->10740.0 | 临时购电：71.8kWh | 总费用：43862.10元
2025-05-19完成 | 滚动常规 | q=0.70 | SOC：10740.0->10245.0 | 临时购电：171.4kWh | 总费用：44454.64元
2025-05-20完成 | 滚动常规 | q=0.70 | SOC：10245.0->10335.0 | 临时购电：105.4kWh | 总费用：42528.76元
2025-05-21完成 | 滚动常规 | q=0.70 | SOC：10335.0->10470.0 | 临时购电：43.8kWh | 总费用：42920.63元
2025-05-22完成 | 滚动常规 | q=0.70 | SOC：10470.0->10785.0 | 临时购电：17.8kWh | 总费用：42684.14元
2025-05-23完成 | 滚动常规 | q=0.70 | SOC：10785.0->10785.0 | 临时购电：66.0kWh | 总费用：17736.23元
2025-05-24完成 | 滚动常规 | q=0.70 | SOC：10785.0->10785.0 | 临时购电：63.6kWh | 总费用：17897.19元
2025-05-25完成 | 滚动常规 | q=0.70 | SOC：10785.0->10605.0 | 临时购电：17.3kWh | 总费用：42683.24元
2025-05-26完成 | 滚动常规 | q=0.70 | SOC：10605.0->10650.0 | 临时购电：41.0kWh | 总费用：44164.71元
2025-05-27完成 | 滚动常规 | q=0.70 | SOC：10650.0->10605.0 | 临时购电：14.4kWh | 总费用：42832.24元
2025-05-28完成 | 滚动常规 | q=0.70 | SOC：10605.0->10740.0 | 临时购电：91.0kWh | 总费用：42758.86元
2025-05-29完成 | 滚动常规 | q=0.70 | SOC：10740.0->10740.0 | 临时购电：63.3kWh | 总费用：43281.15元
2025-05-30完成 | 滚动常规 | q=0.70 | SOC：10740.0->10785.0 | 临时购电：39.2kWh | 总费用：17946.13元
2025-05-31完成 | 滚动常规 | q=0.70 | SOC：10785.0->10740.0 | 临时购电：132.2kWh | 总费用：18280.76元
2025-06-01完成 | 滚动常规 | q=0.70 | SOC：10740.0->9435.0 | 临时购电：2749.9kWh | 总费用：57714.18元
2025-06-02完成 | 滚动高风险 | q=0.85 | SOC：9435.0->9570.0 | 临时购电：1561.5kWh | 总费用：56761.11元
2025-06-03完成 | 滚动高风险 | q=0.85 | SOC：9570.0->9660.0 | 临时购电：498.0kWh | 总费用：52240.46元
2025-06-04完成 | 滚动高风险 | q=0.85 | SOC：9660.0->9705.0 | 临时购电：574.9kWh | 总费用：53229.55元
2025-06-05完成 | 滚动高风险 | q=0.85 | SOC：9705.0->9930.0 | 临时购电：626.0kWh | 总费用：54809.08元
2025-06-06完成 | 滚动常规 | q=0.70 | SOC：9930.0->9390.0 | 临时购电：4366.1kWh | 总费用：39923.57元
2025-06-07完成 | 滚动高风险 | q=0.85 | SOC：9390.0->9750.0 | 临时购电：441.7kWh | 总费用：24498.73元
2025-06-08完成 | 滚动高风险 | q=0.85 | SOC：9750.0->10785.0 | 临时购电：9.3kWh | 总费用：61574.85元
2025-06-09完成 | 滚动高风险 | q=0.85 | SOC：10785.0->10785.0 | 临时购电：24.7kWh | 总费用：59051.87元
2025-06-10完成 | 滚动常规 | q=0.75 | SOC：10785.0->10335.0 | 临时购电：156.2kWh | 总费用：55780.09元
2025-06-11完成 | 滚动常规 | q=0.75 | SOC：10335.0->10200.0 | 临时购电：175.6kWh | 总费用：56130.78元
2025-06-12完成 | 滚动常规 | q=0.75 | SOC：10200.0->10245.0 | 临时购电：88.2kWh | 总费用：56938.04元
2025-06-13完成 | 滚动常规 | q=0.75 | SOC：10245.0->10110.0 | 临时购电：318.3kWh | 总费用：22896.62元
2025-06-14完成 | 滚动常规 | q=0.75 | SOC：10110.0->10245.0 | 临时购电：287.8kWh | 总费用：23707.21元
2025-06-15完成 | 滚动常规 | q=0.75 | SOC：10245.0->10785.0 | 临时购电：52.1kWh | 总费用：59513.93元
2025-06-16完成 | 滚动常规 | q=0.75 | SOC：10785.0->10785.0 | 临时购电：45.7kWh | 总费用：59366.12元
2025-06-17完成 | 滚动常规 | q=0.75 | SOC：10785.0->10695.0 | 临时购电：120.1kWh | 总费用：58210.54元
2025-06-18完成 | 滚动常规 | q=0.75 | SOC：10695.0->10785.0 | 临时购电：33.8kWh | 总费用：58256.76元
2025-06-19完成 | 滚动常规 | q=0.75 | SOC：10785.0->10785.0 | 临时购电：71.9kWh | 总费用：59538.06元
2025-06-20完成 | 滚动常规 | q=0.75 | SOC：10785.0->10785.0 | 临时购电：154.1kWh | 总费用：24628.72元
2025-06-21完成 | 滚动常规 | q=0.75 | SOC：10785.0->10785.0 | 临时购电：110.3kWh | 总费用：24889.04元
2025-06-22完成 | 滚动常规 | q=0.75 | SOC：10785.0->10785.0 | 临时购电：57.5kWh | 总费用：57366.24元
2025-06-23完成 | 滚动常规 | q=0.75 | SOC：10785.0->10785.0 | 临时购电：28.1kWh | 总费用：56150.43元
2025-06-24完成 | 滚动常规 | q=0.75 | SOC：10785.0->10785.0 | 临时购电：176.3kWh | 总费用：55954.14元
2025-06-25完成 | 滚动常规 | q=0.75 | SOC：10785.0->10785.0 | 临时购电：34.7kWh | 总费用：56139.26元
2025-06-26完成 | 滚动常规 | q=0.75 | SOC：10785.0->10650.0 | 临时购电：58.3kWh | 总费用：57064.99元
2025-06-27完成 | 滚动常规 | q=0.75 | SOC：10650.0->10785.0 | 临时购电：217.0kWh | 总费用：24054.91元
2025-06-28完成 | 滚动常规 | q=0.75 | SOC：10785.0->10785.0 | 临时购电：177.1kWh | 总费用：24312.08元
2025-06-29完成 | 滚动常规 | q=0.75 | SOC：10785.0->10785.0 | 临时购电：37.2kWh | 总费用：56743.89元
2025-06-30完成 | 滚动常规 | q=0.75 | SOC：10785.0->10740.0 | 临时购电：49.3kWh | 总费用：57074.35元
2025-07-01完成 | 滚动常规 | q=0.75 | SOC：10740.0->9525.0 | 临时购电：3392.0kWh | 总费用：65089.35元
2025-07-02完成 | 滚动高风险 | q=0.85 | SOC：9525.0->9615.0 | 临时购电：799.7kWh | 总费用：57027.40元
2025-07-03完成 | 滚动高风险 | q=0.85 | SOC：9615.0->9705.0 | 临时购电：2692.7kWh | 总费用：64756.84元
2025-07-04完成 | 滚动高风险 | q=0.85 | SOC：9705.0->9480.0 | 临时购电：2545.7kWh | 总费用：33831.29元
2025-07-05完成 | 滚动高风险 | q=0.85 | SOC：9480.0->9705.0 | 临时购电：3050.4kWh | 总费用：37319.08元
2025-07-06完成 | 滚动高风险 | q=0.85 | SOC：9705.0->9660.0 | 临时购电：6615.5kWh | 总费用：78540.20元
2025-07-07完成 | 滚动高风险 | q=0.85 | SOC：9660.0->9570.0 | 临时购电：764.3kWh | 总费用：53247.78元
2025-07-08完成 | 滚动高风险 | q=0.85 | SOC：9570.0->10785.0 | 临时购电：95.6kWh | 总费用：60399.63元
2025-07-09完成 | 滚动高风险 | q=0.85 | SOC：10785.0->10785.0 | 临时购电：41.1kWh | 总费用：61423.35元
2025-07-10完成 | 滚动常规 | q=0.75 | SOC：10785.0->10335.0 | 临时购电：207.0kWh | 总费用：55279.59元
2025-07-11完成 | 滚动常规 | q=0.75 | SOC：10335.0->10335.0 | 临时购电：346.0kWh | 总费用：28105.84元
2025-07-12完成 | 滚动常规 | q=0.75 | SOC：10335.0->10020.0 | 临时购电：120.3kWh | 总费用：27011.63元
2025-07-13完成 | 滚动常规 | q=0.80 | SOC：10020.0->10650.0 | 临时购电：131.4kWh | 总费用：55695.45元
2025-07-14完成 | 滚动常规 | q=0.80 | SOC：10650.0->10515.0 | 临时购电：53.4kWh | 总费用：55684.80元
2025-07-15完成 | 滚动常规 | q=0.80 | SOC：10515.0->10785.0 | 临时购电：28.8kWh | 总费用：57144.80元
2025-07-16完成 | 滚动常规 | q=0.80 | SOC：10785.0->10785.0 | 临时购电：45.4kWh | 总费用：55272.01元
2025-07-17完成 | 滚动常规 | q=0.80 | SOC：10785.0->10785.0 | 临时购电：98.4kWh | 总费用：54793.03元
2025-07-18完成 | 滚动常规 | q=0.80 | SOC：10785.0->10785.0 | 临时购电：258.4kWh | 总费用：28709.33元
2025-07-19完成 | 滚动常规 | q=0.80 | SOC：10785.0->10785.0 | 临时购电：58.3kWh | 总费用：28197.25元
2025-07-20完成 | 滚动常规 | q=0.80 | SOC：10785.0->10785.0 | 临时购电：13.1kWh | 总费用：56571.00元
2025-07-21完成 | 滚动常规 | q=0.80 | SOC：10785.0->10785.0 | 临时购电：41.2kWh | 总费用：56049.67元
2025-07-22完成 | 滚动常规 | q=0.80 | SOC：10785.0->10785.0 | 临时购电：60.3kWh | 总费用：57829.58元
2025-07-23完成 | 滚动常规 | q=0.80 | SOC：10785.0->10785.0 | 临时购电：27.3kWh | 总费用：56682.31元
2025-07-24完成 | 滚动常规 | q=0.80 | SOC：10785.0->10785.0 | 临时购电：212.9kWh | 总费用：56742.90元
2025-07-25完成 | 滚动常规 | q=0.80 | SOC：10785.0->10785.0 | 临时购电：124.6kWh | 总费用：28084.00元
2025-07-26完成 | 滚动常规 | q=0.80 | SOC：10785.0->10785.0 | 临时购电：48.8kWh | 总费用：28321.45元
2025-07-27完成 | 滚动常规 | q=0.80 | SOC：10785.0->10785.0 | 临时购电：450.2kWh | 总费用：58156.85元
2025-07-28完成 | 滚动常规 | q=0.80 | SOC：10785.0->10785.0 | 临时购电：706.8kWh | 总费用：57605.66元
2025-07-29完成 | 滚动常规 | q=0.80 | SOC：10785.0->10785.0 | 临时购电：53.5kWh | 总费用：57585.31元
2025-07-30完成 | 滚动常规 | q=0.80 | SOC：10785.0->10785.0 | 临时购电：38.5kWh | 总费用：55734.65元
2025-07-31完成 | 滚动常规 | q=0.80 | SOC：10785.0->10785.0 | 临时购电：32.6kWh | 总费用：56551.40元
2025-08-01完成 | 滚动常规 | q=0.80 | SOC：10785.0->10785.0 | 临时购电：34.9kWh | 总费用：27384.56元
2025-08-02完成 | 滚动常规 | q=0.80 | SOC：10785.0->10785.0 | 临时购电：12.4kWh | 总费用：27427.33元
2025-08-03完成 | 滚动常规 | q=0.80 | SOC：10785.0->10605.0 | 临时购电：60.3kWh | 总费用：53430.58元
2025-08-04完成 | 滚动常规 | q=0.80 | SOC：10605.0->10785.0 | 临时购电：47.9kWh | 总费用：50765.18元
2025-08-05完成 | 滚动常规 | q=0.75 | SOC：10785.0->10785.0 | 临时购电：36.1kWh | 总费用：49660.61元
2025-08-06完成 | 滚动常规 | q=0.75 | SOC：10785.0->10785.0 | 临时购电：1010.6kWh | 总费用：52698.61元
2025-08-07完成 | 滚动高风险 | q=0.85 | SOC：10785.0->10785.0 | 临时购电：14.8kWh | 总费用：49750.05元
2025-08-08完成 | 滚动高风险 | q=0.85 | SOC：10785.0->10785.0 | 临时购电：4.8kWh | 总费用：27099.47元
2025-08-09完成 | 滚动高风险 | q=0.85 | SOC：10785.0->10785.0 | 临时购电：49.9kWh | 总费用：26744.21元
2025-08-10完成 | 滚动常规 | q=0.75 | SOC：10785.0->10785.0 | 临时购电：45.2kWh | 总费用：49889.43元
2025-08-11完成 | 滚动常规 | q=0.75 | SOC：10785.0->10785.0 | 临时购电：62.4kWh | 总费用：50571.51元
2025-08-12完成 | 滚动常规 | q=0.70 | SOC：10785.0->10425.0 | 临时购电：358.1kWh | 总费用：49363.02元
2025-08-13完成 | 滚动常规 | q=0.70 | SOC：10425.0->10785.0 | 临时购电：222.4kWh | 总费用：48895.02元
2025-08-14完成 | 滚动常规 | q=0.70 | SOC：10785.0->10695.0 | 临时购电：131.8kWh | 总费用：50163.96元
2025-08-15完成 | 滚动常规 | q=0.70 | SOC：10695.0->10380.0 | 临时购电：68.6kWh | 总费用：25288.97元
2025-08-16完成 | 滚动常规 | q=0.70 | SOC：10380.0->10380.0 | 临时购电：87.8kWh | 总费用：25661.66元
2025-08-17完成 | 滚动常规 | q=0.70 | SOC：10380.0->10740.0 | 临时购电：116.6kWh | 总费用：49590.92元
2025-08-18完成 | 滚动常规 | q=0.70 | SOC：10740.0->10785.0 | 临时购电：99.9kWh | 总费用：50660.98元
2025-08-19完成 | 滚动常规 | q=0.70 | SOC：10785.0->10650.0 | 临时购电：89.6kWh | 总费用：48675.35元
2025-08-20完成 | 滚动常规 | q=0.70 | SOC：10650.0->10785.0 | 临时购电：2315.9kWh | 总费用：57080.99元
2025-08-21完成 | 滚动高风险 | q=0.85 | SOC：10785.0->10785.0 | 临时购电：7.8kWh | 总费用：52736.51元
2025-08-22完成 | 滚动高风险 | q=0.85 | SOC：10785.0->10425.0 | 临时购电：226.2kWh | 总费用：27526.29元
2025-08-23完成 | 滚动高风险 | q=0.85 | SOC：10425.0->10785.0 | 临时购电：32.9kWh | 总费用：26866.58元
2025-08-24完成 | 滚动常规 | q=0.70 | SOC：10785.0->10740.0 | 临时购电：82.2kWh | 总费用：49093.86元
2025-08-25完成 | 滚动常规 | q=0.70 | SOC：10740.0->10695.0 | 临时购电：1702.4kWh | 总费用：55861.88元
2025-08-26完成 | 滚动高风险 | q=0.85 | SOC：10695.0->10785.0 | 临时购电：36.7kWh | 总费用：52980.22元
2025-08-27完成 | 滚动高风险 | q=0.85 | SOC：10785.0->10785.0 | 临时购电：65.3kWh | 总费用：51989.26元
2025-08-28完成 | 滚动高风险 | q=0.85 | SOC：10785.0->10785.0 | 临时购电：164.1kWh | 总费用：53588.75元
2025-08-29完成 | 滚动常规 | q=0.70 | SOC：10785.0->10740.0 | 临时购电：264.5kWh | 总费用：27276.70元
2025-08-30完成 | 滚动常规 | q=0.70 | SOC：10740.0->10560.0 | 临时购电：137.7kWh | 总费用：26728.71元
2025-08-31完成 | 滚动常规 | q=0.70 | SOC：10560.0->10785.0 | 临时购电：337.5kWh | 总费用：50373.06元
2025-09-01完成 | 滚动常规 | q=0.70 | SOC：10785.0->10785.0 | 临时购电：43.7kWh | 总费用：47607.41元
2025-09-02完成 | 滚动常规 | q=0.70 | SOC：10785.0->10785.0 | 临时购电：62.9kWh | 总费用：48730.85元
2025-09-03完成 | 滚动常规 | q=0.70 | SOC：10785.0->10785.0 | 临时购电：42.2kWh | 总费用：48274.00元
2025-09-04完成 | 滚动常规 | q=0.70 | SOC：10785.0->10785.0 | 临时购电：46.0kWh | 总费用：48189.63元
2025-09-05完成 | 滚动常规 | q=0.70 | SOC：10785.0->10785.0 | 临时购电：38.7kWh | 总费用：25597.96元
2025-09-06完成 | 滚动常规 | q=0.70 | SOC：10785.0->10785.0 | 临时购电：9.4kWh | 总费用：26077.22元
2025-09-07完成 | 滚动常规 | q=0.70 | SOC：10785.0->10785.0 | 临时购电：128.9kWh | 总费用：47971.75元
2025-09-08完成 | 滚动常规 | q=0.70 | SOC：10785.0->10785.0 | 临时购电：3555.1kWh | 总费用：55233.44元
2025-09-09完成 | 滚动高风险 | q=0.85 | SOC：10785.0->10785.0 | 临时购电：15.9kWh | 总费用：46837.73元
2025-09-10完成 | 滚动高风险 | q=0.85 | SOC：10785.0->10785.0 | 临时购电：2141.8kWh | 总费用：54930.43元
2025-09-11完成 | 滚动高风险 | q=0.85 | SOC：10785.0->10785.0 | 临时购电：36.9kWh | 总费用：47359.56元
2025-09-12完成 | 滚动高风险 | q=0.85 | SOC：10785.0->10785.0 | 临时购电：65.3kWh | 总费用：24025.11元
2025-09-13完成 | 滚动高风险 | q=0.85 | SOC：10785.0->10785.0 | 临时购电：3.8kWh | 总费用：24565.92元
2025-09-14完成 | 滚动常规 | q=0.75 | SOC：10785.0->10785.0 | 临时购电：3112.2kWh | 总费用：54949.93元
2025-09-15完成 | 滚动高风险 | q=0.85 | SOC：10785.0->10785.0 | 临时购电：36.9kWh | 总费用：48538.25元
2025-09-16完成 | 滚动高风险 | q=0.85 | SOC：10785.0->10785.0 | 临时购电：80.3kWh | 总费用：48440.37元
2025-09-17完成 | 滚动高风险 | q=0.85 | SOC：10785.0->10785.0 | 临时购电：363.8kWh | 总费用：49567.71元
2025-09-18完成 | 滚动常规 | q=0.75 | SOC：10785.0->10785.0 | 临时购电：260.4kWh | 总费用：48385.92元
2025-09-19完成 | 滚动常规 | q=0.75 | SOC：10785.0->10785.0 | 临时购电：57.0kWh | 总费用：23925.85元
2025-09-20完成 | 滚动常规 | q=0.75 | SOC：10785.0->10785.0 | 临时购电：305.2kWh | 总费用：25097.62元
2025-09-21完成 | 滚动常规 | q=0.75 | SOC：10785.0->10785.0 | 临时购电：102.6kWh | 总费用：47328.73元
2025-09-22完成 | 滚动常规 | q=0.70 | SOC：10785.0->10695.0 | 临时购电：149.8kWh | 总费用：44991.42元
2025-09-23完成 | 滚动常规 | q=0.70 | SOC：10695.0->10515.0 | 临时购电：747.3kWh | 总费用：47135.73元
2025-09-24完成 | 滚动常规 | q=0.70 | SOC：10515.0->10785.0 | 临时购电：545.3kWh | 总费用：46768.20元
2025-09-25完成 | 滚动常规 | q=0.70 | SOC：10785.0->10785.0 | 临时购电：202.6kWh | 总费用：45368.95元
2025-09-26完成 | 滚动常规 | q=0.70 | SOC：10785.0->10785.0 | 临时购电：99.9kWh | 总费用：21351.26元
2025-09-27完成 | 滚动常规 | q=0.70 | SOC：10785.0->10380.0 | 临时购电：474.7kWh | 总费用：22889.64元
2025-09-28完成 | 滚动常规 | q=0.70 | SOC：10380.0->10785.0 | 临时购电：1118.4kWh | 总费用：49876.32元
2025-09-29完成 | 滚动高风险 | q=0.85 | SOC：10785.0->10785.0 | 临时购电：53.0kWh | 总费用：47776.87元
2025-09-30完成 | 滚动高风险 | q=0.85 | SOC：10785.0->10785.0 | 临时购电：725.7kWh | 总费用：50065.04元
2025-10-01完成 | 滚动高风险 | q=0.85 | SOC：10785.0->10785.0 | 临时购电：4.1kWh | 总费用：53633.47元
2025-10-02完成 | 滚动常规 | q=0.70 | SOC：10785.0->10785.0 | 临时购电：50.7kWh | 总费用：49163.00元
2025-10-03完成 | 滚动常规 | q=0.70 | SOC：10785.0->10785.0 | 临时购电：47.2kWh | 总费用：20321.39元
2025-10-04完成 | 滚动常规 | q=0.70 | SOC：10785.0->10785.0 | 临时购电：68.5kWh | 总费用：21325.89元
2025-10-05完成 | 滚动常规 | q=0.70 | SOC：10785.0->10785.0 | 临时购电：85.6kWh | 总费用：47765.80元
2025-10-06完成 | 滚动常规 | q=0.70 | SOC：10785.0->10785.0 | 临时购电：34.1kWh | 总费用：48306.59元
2025-10-07完成 | 滚动常规 | q=0.70 | SOC：10785.0->10785.0 | 临时购电：25.5kWh | 总费用：47812.56元
2025-10-08完成 | 滚动常规 | q=0.70 | SOC：10785.0->10785.0 | 临时购电：58.3kWh | 总费用：48752.75元
2025-10-09完成 | 滚动常规 | q=0.70 | SOC：10785.0->10785.0 | 临时购电：54.1kWh | 总费用：47704.24元
2025-10-10完成 | 滚动常规 | q=0.70 | SOC：10785.0->10785.0 | 临时购电：79.0kWh | 总费用：19537.34元
2025-10-11完成 | 滚动常规 | q=0.70 | SOC：10785.0->10785.0 | 临时购电：39.8kWh | 总费用：20384.33元
2025-10-12完成 | 滚动常规 | q=0.70 | SOC：10785.0->10785.0 | 临时购电：89.4kWh | 总费用：48488.07元
2025-10-13完成 | 滚动常规 | q=0.70 | SOC：10785.0->10785.0 | 临时购电：53.6kWh | 总费用：47931.02元
2025-10-14完成 | 滚动常规 | q=0.70 | SOC：10785.0->10785.0 | 临时购电：79.5kWh | 总费用：48443.15元
2025-10-15完成 | 滚动常规 | q=0.70 | SOC：10785.0->10785.0 | 临时购电：49.5kWh | 总费用：49734.00元
2025-10-16完成 | 滚动常规 | q=0.70 | SOC：10785.0->10785.0 | 临时购电：120.3kWh | 总费用：49731.11元
2025-10-17完成 | 滚动常规 | q=0.70 | SOC：10785.0->10785.0 | 临时购电：86.6kWh | 总费用：20053.37元
2025-10-18完成 | 滚动常规 | q=0.70 | SOC：10785.0->10785.0 | 临时购电：68.2kWh | 总费用：20035.08元
2025-10-19完成 | 滚动常规 | q=0.70 | SOC：10785.0->10785.0 | 临时购电：87.4kWh | 总费用：50313.29元
2025-10-20完成 | 滚动常规 | q=0.70 | SOC：10785.0->10785.0 | 临时购电：44.3kWh | 总费用：51025.21元
2025-10-21完成 | 滚动常规 | q=0.70 | SOC：10785.0->10785.0 | 临时购电：115.1kWh | 总费用：52547.67元
2025-10-22完成 | 滚动常规 | q=0.70 | SOC：10785.0->10380.0 | 临时购电：49.4kWh | 总费用：50211.43元
2025-10-23完成 | 滚动常规 | q=0.70 | SOC：10380.0->10695.0 | 临时购电：40.6kWh | 总费用：50623.93元
2025-10-24完成 | 滚动常规 | q=0.70 | SOC：10695.0->10290.0 | 临时购电：79.9kWh | 总费用：19160.22元
2025-10-25完成 | 滚动常规 | q=0.70 | SOC：10290.0->10245.0 | 临时购电：134.2kWh | 总费用：19863.35元
2025-10-26完成 | 滚动常规 | q=0.70 | SOC：10245.0->10785.0 | 临时购电：75.6kWh | 总费用：51646.57元
2025-10-27完成 | 滚动常规 | q=0.70 | SOC：10785.0->10560.0 | 临时购电：95.9kWh | 总费用：50988.30元
2025-10-28完成 | 滚动常规 | q=0.70 | SOC：10560.0->10515.0 | 临时购电：76.8kWh | 总费用：51213.86元
2025-10-29完成 | 滚动常规 | q=0.70 | SOC：10515.0->10335.0 | 临时购电：111.8kWh | 总费用：50440.91元
2025-10-30完成 | 滚动常规 | q=0.70 | SOC：10335.0->10560.0 | 临时购电：37.2kWh | 总费用：51630.97元
2025-10-31完成 | 滚动常规 | q=0.70 | SOC：10560.0->10155.0 | 临时购电：225.3kWh | 总费用：20103.51元
2025-11-01完成 | 滚动常规 | q=0.70 | SOC：10155.0->10425.0 | 临时购电：137.8kWh | 总费用：20356.99元
2025-11-02完成 | 滚动常规 | q=0.70 | SOC：10425.0->10200.0 | 临时购电：56.0kWh | 总费用：52753.35元
2025-11-03完成 | 滚动常规 | q=0.70 | SOC：10200.0->10650.0 | 临时购电：57.6kWh | 总费用：53218.79元
2025-11-04完成 | 滚动常规 | q=0.70 | SOC：10650.0->10245.0 | 临时购电：93.1kWh | 总费用：53178.51元
2025-11-05完成 | 滚动常规 | q=0.70 | SOC：10245.0->10605.0 | 临时购电：95.2kWh | 总费用：54055.55元
2025-11-06完成 | 滚动常规 | q=0.70 | SOC：10605.0->10380.0 | 临时购电：113.1kWh | 总费用：53640.33元
2025-11-07完成 | 滚动常规 | q=0.70 | SOC：10380.0->10335.0 | 临时购电：136.5kWh | 总费用：20416.22元
2025-11-08完成 | 滚动常规 | q=0.70 | SOC：10335.0->10335.0 | 临时购电：156.9kWh | 总费用：20472.46元
2025-11-09完成 | 滚动常规 | q=0.70 | SOC：10335.0->10470.0 | 临时购电：51.6kWh | 总费用：54512.95元
2025-11-10完成 | 滚动常规 | q=0.70 | SOC：10470.0->10470.0 | 临时购电：60.3kWh | 总费用：55114.13元
2025-11-11完成 | 滚动常规 | q=0.70 | SOC：10470.0->10425.0 | 临时购电：81.4kWh | 总费用：55481.17元
2025-11-12完成 | 滚动常规 | q=0.70 | SOC：10425.0->10515.0 | 临时购电：86.0kWh | 总费用：56031.90元
2025-11-13完成 | 滚动常规 | q=0.70 | SOC：10515.0->10245.0 | 临时购电：71.2kWh | 总费用：54660.58元
2025-11-14完成 | 滚动常规 | q=0.70 | SOC：10245.0->10470.0 | 临时购电：293.5kWh | 总费用：21915.31元
2025-11-15完成 | 滚动常规 | q=0.70 | SOC：10470.0->10245.0 | 临时购电：307.8kWh | 总费用：21798.22元
2025-11-16完成 | 滚动常规 | q=0.70 | SOC：10245.0->10425.0 | 临时购电：42.6kWh | 总费用：56682.43元
2025-11-17完成 | 滚动常规 | q=0.70 | SOC：10425.0->10605.0 | 临时购电：86.2kWh | 总费用：57064.92元
2025-11-18完成 | 滚动常规 | q=0.70 | SOC：10605.0->10605.0 | 临时购电：75.0kWh | 总费用：56797.23元
2025-11-19完成 | 滚动常规 | q=0.70 | SOC：10605.0->10335.0 | 临时购电：117.1kWh | 总费用：57404.29元
2025-11-20完成 | 滚动常规 | q=0.70 | SOC：10335.0->10560.0 | 临时购电：24.8kWh | 总费用：57359.91元
2025-11-21完成 | 滚动常规 | q=0.70 | SOC：10560.0->10470.0 | 临时购电：176.4kWh | 总费用：22079.47元
2025-11-22完成 | 滚动常规 | q=0.70 | SOC：10470.0->10380.0 | 临时购电：124.9kWh | 总费用：22271.40元
2025-11-23完成 | 滚动常规 | q=0.70 | SOC：10380.0->10560.0 | 临时购电：87.1kWh | 总费用：58548.22元
2025-11-24完成 | 滚动常规 | q=0.70 | SOC：10560.0->10380.0 | 临时购电：30.7kWh | 总费用：58120.24元
2025-11-25完成 | 滚动常规 | q=0.70 | SOC：10380.0->10560.0 | 临时购电：56.1kWh | 总费用：57603.52元
2025-11-26完成 | 滚动常规 | q=0.70 | SOC：10560.0->10605.0 | 临时购电：57.0kWh | 总费用：58249.94元
2025-11-27完成 | 滚动常规 | q=0.70 | SOC：10605.0->10605.0 | 临时购电：11.4kWh | 总费用：58972.26元
2025-11-28完成 | 滚动常规 | q=0.70 | SOC：10605.0->10245.0 | 临时购电：26.3kWh | 总费用：23035.91元
2025-11-29完成 | 滚动常规 | q=0.70 | SOC：10245.0->10515.0 | 临时购电：58.3kWh | 总费用：23124.12元
2025-11-30完成 | 滚动常规 | q=0.70 | SOC：10515.0->10425.0 | 临时购电：29.5kWh | 总费用：59779.12元
2025-12-01完成 | 滚动常规 | q=0.70 | SOC：10425.0->10470.0 | 临时购电：1419.9kWh | 总费用：65415.57元
2025-12-02完成 | 滚动高风险 | q=0.85 | SOC：10470.0->10470.0 | 临时购电：1582.1kWh | 总费用：69119.61元
2025-12-03完成 | 滚动高风险 | q=0.85 | SOC：10470.0->10695.0 | 临时购电：404.6kWh | 总费用：63933.66元
2025-12-04完成 | 滚动高风险 | q=0.85 | SOC：10695.0->10515.0 | 临时购电：620.9kWh | 总费用：65565.83元
2025-12-05完成 | 滚动高风险 | q=0.85 | SOC：10515.0->10650.0 | 临时购电：232.2kWh | 总费用：27880.38元
2025-12-06完成 | 滚动常规 | q=0.70 | SOC：10650.0->10065.0 | 临时购电：2727.9kWh | 总费用：32589.43元
2025-12-07完成 | 滚动高风险 | q=0.85 | SOC：10065.0->10695.0 | 临时购电：141.3kWh | 总费用：65945.32元
2025-12-08完成 | 滚动高风险 | q=0.85 | SOC：10695.0->10785.0 | 临时购电：22.0kWh | 总费用：71247.79元
2025-12-09完成 | 滚动高风险 | q=0.85 | SOC：10785.0->10785.0 | 临时购电：29.8kWh | 总费用：70779.31元
2025-12-10完成 | 滚动常规 | q=0.70 | SOC：10785.0->10785.0 | 临时购电：135.8kWh | 总费用：66579.62元
2025-12-11完成 | 滚动常规 | q=0.70 | SOC：10785.0->10785.0 | 临时购电：141.6kWh | 总费用：66479.95元
2025-12-12完成 | 滚动常规 | q=0.70 | SOC：10785.0->10740.0 | 临时购电：252.5kWh | 总费用：28763.98元
2025-12-13完成 | 滚动常规 | q=0.70 | SOC：10740.0->10650.0 | 临时购电：199.0kWh | 总费用：29449.96元
2025-12-14完成 | 滚动常规 | q=0.70 | SOC：10650.0->10650.0 | 临时购电：42.4kWh | 总费用：67615.48元
2025-12-15完成 | 滚动常规 | q=0.70 | SOC：10650.0->10740.0 | 临时购电：38.3kWh | 总费用：69298.54元
2025-12-16完成 | 滚动常规 | q=0.70 | SOC：10740.0->10650.0 | 临时购电：24.5kWh | 总费用：68880.15元
2025-12-17完成 | 滚动常规 | q=0.70 | SOC：10650.0->10560.0 | 临时购电：35.0kWh | 总费用：68472.78元
2025-12-18完成 | 滚动常规 | q=0.70 | SOC：10560.0->10515.0 | 临时购电：44.2kWh | 总费用：67908.76元
2025-12-19完成 | 滚动常规 | q=0.70 | SOC：10515.0->10380.0 | 临时购电：86.8kWh | 总费用：30682.21元
2025-12-20完成 | 滚动常规 | q=0.70 | SOC：10380.0->10200.0 | 临时购电：62.6kWh | 总费用：30241.01元
2025-12-21完成 | 滚动常规 | q=0.70 | SOC：10200.0->10605.0 | 临时购电：52.1kWh | 总费用：68957.16元
2025-12-22完成 | 滚动常规 | q=0.70 | SOC：10605.0->10245.0 | 临时购电：49.7kWh | 总费用：68407.71元
2025-12-23完成 | 滚动常规 | q=0.70 | SOC：10245.0->10560.0 | 临时购电：13.1kWh | 总费用：69025.42元
2025-12-24完成 | 滚动常规 | q=0.70 | SOC：10560.0->10425.0 | 临时购电：27.2kWh | 总费用：68454.90元
2025-12-25完成 | 滚动常规 | q=0.70 | SOC：10425.0->10425.0 | 临时购电：34.5kWh | 总费用：68915.06元
2025-12-26完成 | 滚动常规 | q=0.70 | SOC：10425.0->10515.0 | 临时购电：40.9kWh | 总费用：30287.20元
2025-12-27完成 | 滚动常规 | q=0.70 | SOC：10515.0->10335.0 | 临时购电：75.8kWh | 总费用：30397.84元
2025-12-28完成 | 滚动常规 | q=0.70 | SOC：10335.0->10605.0 | 临时购电：26.4kWh | 总费用：68673.55元
2025-12-29完成 | 滚动常规 | q=0.70 | SOC：10605.0->10335.0 | 临时购电：16.8kWh | 总费用：68354.92元
2025-12-30完成 | 滚动常规 | q=0.70 | SOC：10335.0->10470.0 | 临时购电：34.1kWh | 总费用：68226.62元
2025-12-31完成 | 滚动常规 | q=0.70 | SOC：10470.0->10335.0 | 临时购电：72.3kWh | 总费用：67988.21元

========== 问题二正式评价完成 ==========
正式评价区间：2025-02-01 至 2025-12-31
正式评价天数：334
未纳入评价的预热天数：31
日末库存价值系数：0.481548 元/kWh
计划购电费用：14782551.80 元
临时购电费用：357927.20 元
总费用：15140479.00 元
临时购电总量：84281.60 kWh
结果明细：C:\Users\LENOVO\Desktop\数模\C题\outputs\problem2_same_type_sweep_45\problem2_detail.csv
每日汇总：C:\Users\LENOVO\Desktop\数模\C题\outputs\problem2_same_type_sweep_45\problem2_daily_summary.csv
提交表格：C:\Users\LENOVO\Desktop\数模\C题\outputs\problem2_same_type_sweep_45\result2.xlsx
包含三张表：
  1. 计划购电量（日期×144时段）
  2. 充放电量（6个4小时时段）
  3. 紧急购电量（日期、购电时间段、购电量）
===== soc-step=45 总费用 = 15140479.00 元 =====

===== 开始运行 soc-step=50 =====
正式评价区间：2025-02-01 至 2025-12-31
正式评价天数：334
未纳入正式评价的预热日期：31天
日末库存价值系数：0.481548 元/kWh
预测安全修正：负荷×1.050，非夏季光伏×0.900，7至9月光伏×1.050
预测时间衰减系数：0.900
分解预测设置：同类型日最少3天，日总量趋势截断0.200，光伏最近7天
滚动偏差校准：回看30天，强度0.500
动态分位数：常规[0.5, 0.6, 0.7, 0.75, 0.8, 0.85, 0.9]，高风险[0.85, 0.9, 0.95]
滚动最优分位数：回看30天，最少历史7天，临时购电惩罚×5.0
2025-02-01完成 | 滚动常规 | q=0.90 | SOC：6000.0->10800.0 | 临时购电：9.5kWh | 总费用：32418.55元
2025-02-02完成 | 滚动常规 | q=0.90 | SOC：10800.0->10800.0 | 临时购电：1.7kWh | 总费用：67373.14元
2025-02-03完成 | 滚动常规 | q=0.90 | SOC：10800.0->10800.0 | 临时购电：2.7kWh | 总费用：67050.67元
2025-02-04完成 | 滚动常规 | q=0.90 | SOC：10800.0->10800.0 | 临时购电：0.0kWh | 总费用：68478.76元
2025-02-05完成 | 滚动常规 | q=0.85 | SOC：10800.0->10800.0 | 临时购电：4.5kWh | 总费用：67912.66元
2025-02-06完成 | 滚动常规 | q=0.85 | SOC：10800.0->10800.0 | 临时购电：1.2kWh | 总费用：67648.09元
2025-02-07完成 | 滚动常规 | q=0.85 | SOC：10800.0->10800.0 | 临时购电：13.5kWh | 总费用：29198.08元
2025-02-08完成 | 滚动常规 | q=0.85 | SOC：10800.0->10600.0 | 临时购电：21.0kWh | 总费用：26692.71元
2025-02-09完成 | 滚动常规 | q=0.85 | SOC：10600.0->10750.0 | 临时购电：0.0kWh | 总费用：64528.23元
2025-02-10完成 | 滚动常规 | q=0.85 | SOC：10750.0->10800.0 | 临时购电：6.9kWh | 总费用：64009.75元
2025-02-11完成 | 滚动常规 | q=0.85 | SOC：10800.0->10650.0 | 临时购电：2.9kWh | 总费用：61579.03元
2025-02-12完成 | 滚动常规 | q=0.70 | SOC：10650.0->10750.0 | 临时购电：12.8kWh | 总费用：62054.99元
2025-02-13完成 | 滚动常规 | q=0.70 | SOC：10750.0->10800.0 | 临时购电：6.0kWh | 总费用：62057.25元
2025-02-14完成 | 滚动常规 | q=0.70 | SOC：10800.0->10700.0 | 临时购电：93.4kWh | 总费用：24499.00元
2025-02-15完成 | 滚动常规 | q=0.70 | SOC：10700.0->10450.0 | 临时购电：75.1kWh | 总费用：23960.07元
2025-02-16完成 | 滚动常规 | q=0.70 | SOC：10450.0->10750.0 | 临时购电：23.8kWh | 总费用：61073.08元
2025-02-17完成 | 滚动常规 | q=0.70 | SOC：10750.0->10550.0 | 临时购电：27.4kWh | 总费用：60327.88元
2025-02-18完成 | 滚动常规 | q=0.70 | SOC：10550.0->10700.0 | 临时购电：15.7kWh | 总费用：59953.94元
2025-02-19完成 | 滚动常规 | q=0.70 | SOC：10700.0->10500.0 | 临时购电：50.4kWh | 总费用：58543.32元
2025-02-20完成 | 滚动常规 | q=0.70 | SOC：10500.0->10800.0 | 临时购电：37.1kWh | 总费用：60901.87元
2025-02-21完成 | 滚动常规 | q=0.70 | SOC：10800.0->10800.0 | 临时购电：87.9kWh | 总费用：23717.21元
2025-02-22完成 | 滚动常规 | q=0.70 | SOC：10800.0->10750.0 | 临时购电：81.1kWh | 总费用：22575.41元
2025-02-23完成 | 滚动常规 | q=0.70 | SOC：10750.0->10500.0 | 临时购电：23.0kWh | 总费用：58051.08元
2025-02-24完成 | 滚动常规 | q=0.70 | SOC：10500.0->10700.0 | 临时购电：35.0kWh | 总费用：58607.84元
2025-02-25完成 | 滚动常规 | q=0.70 | SOC：10700.0->10800.0 | 临时购电：19.5kWh | 总费用：59554.22元
2025-02-26完成 | 滚动常规 | q=0.70 | SOC：10800.0->10800.0 | 临时购电：42.4kWh | 总费用：57054.86元
2025-02-27完成 | 滚动常规 | q=0.70 | SOC：10800.0->10700.0 | 临时购电：31.4kWh | 总费用：57903.96元
2025-02-28完成 | 滚动常规 | q=0.70 | SOC：10700.0->10650.0 | 临时购电：49.7kWh | 总费用：21730.84元
2025-03-01完成 | 滚动常规 | q=0.70 | SOC：10650.0->10500.0 | 临时购电：116.0kWh | 总费用：20860.79元
2025-03-02完成 | 滚动常规 | q=0.70 | SOC：10500.0->10700.0 | 临时购电：39.2kWh | 总费用：56018.78元
2025-03-03完成 | 滚动常规 | q=0.70 | SOC：10700.0->10550.0 | 临时购电：41.2kWh | 总费用：56373.06元
2025-03-04完成 | 滚动常规 | q=0.70 | SOC：10550.0->10600.0 | 临时购电：4.9kWh | 总费用：59154.56元
2025-03-05完成 | 滚动常规 | q=0.70 | SOC：10600.0->10600.0 | 临时购电：22.3kWh | 总费用：57905.70元
2025-03-06完成 | 滚动常规 | q=0.70 | SOC：10600.0->10650.0 | 临时购电：19.3kWh | 总费用：57178.98元
2025-03-07完成 | 滚动常规 | q=0.70 | SOC：10650.0->10750.0 | 临时购电：22.2kWh | 总费用：21805.65元
2025-03-08完成 | 滚动常规 | q=0.70 | SOC：10750.0->10700.0 | 临时购电：194.9kWh | 总费用：20553.65元
2025-03-09完成 | 滚动常规 | q=0.70 | SOC：10700.0->10600.0 | 临时购电：53.4kWh | 总费用：55098.99元
2025-03-10完成 | 滚动常规 | q=0.70 | SOC：10600.0->10550.0 | 临时购电：68.0kWh | 总费用：52380.56元
2025-03-11完成 | 滚动常规 | q=0.70 | SOC：10550.0->10800.0 | 临时购电：20.5kWh | 总费用：53391.89元
2025-03-12完成 | 滚动常规 | q=0.70 | SOC：10800.0->10550.0 | 临时购电：29.1kWh | 总费用：53351.73元
2025-03-13完成 | 滚动常规 | q=0.70 | SOC：10550.0->10500.0 | 临时购电：64.9kWh | 总费用：52270.16元
2025-03-14完成 | 滚动常规 | q=0.70 | SOC：10500.0->10450.0 | 临时购电：127.7kWh | 总费用：19125.50元
2025-03-15完成 | 滚动常规 | q=0.70 | SOC：10450.0->10300.0 | 临时购电：203.1kWh | 总费用：19861.66元
2025-03-16完成 | 滚动常规 | q=0.70 | SOC：10300.0->10800.0 | 临时购电：54.2kWh | 总费用：53704.78元
2025-03-17完成 | 滚动常规 | q=0.70 | SOC：10800.0->10800.0 | 临时购电：24.0kWh | 总费用：50945.03元
2025-03-18完成 | 滚动常规 | q=0.70 | SOC：10800.0->10800.0 | 临时购电：30.5kWh | 总费用：50547.48元
2025-03-19完成 | 滚动常规 | q=0.70 | SOC：10800.0->10800.0 | 临时购电：35.5kWh | 总费用：51194.47元
2025-03-20完成 | 滚动常规 | q=0.70 | SOC：10800.0->10600.0 | 临时购电：50.3kWh | 总费用：50528.88元
2025-03-21完成 | 滚动常规 | q=0.70 | SOC：10600.0->10350.0 | 临时购电：109.3kWh | 总费用：18770.73元
2025-03-22完成 | 滚动常规 | q=0.70 | SOC：10350.0->10800.0 | 临时购电：143.4kWh | 总费用：19381.59元
2025-03-23完成 | 滚动常规 | q=0.70 | SOC：10800.0->10700.0 | 临时购电：40.8kWh | 总费用：50048.66元
2025-03-24完成 | 滚动常规 | q=0.70 | SOC：10700.0->10800.0 | 临时购电：24.9kWh | 总费用：50617.08元
2025-03-25完成 | 滚动常规 | q=0.70 | SOC：10800.0->10500.0 | 临时购电：65.3kWh | 总费用：47823.68元
2025-03-26完成 | 滚动常规 | q=0.70 | SOC：10500.0->10550.0 | 临时购电：37.2kWh | 总费用：48345.39元
2025-03-27完成 | 滚动常规 | q=0.70 | SOC：10550.0->10650.0 | 临时购电：64.2kWh | 总费用：47402.27元
2025-03-28完成 | 滚动常规 | q=0.70 | SOC：10650.0->10800.0 | 临时购电：124.0kWh | 总费用：18752.05元
2025-03-29完成 | 滚动常规 | q=0.70 | SOC：10800.0->10700.0 | 临时购电：138.8kWh | 总费用：18079.46元
2025-03-30完成 | 滚动常规 | q=0.70 | SOC：10700.0->10800.0 | 临时购电：13.1kWh | 总费用：47959.75元
2025-03-31完成 | 滚动常规 | q=0.70 | SOC：10800.0->10800.0 | 临时购电：62.6kWh | 总费用：48846.45元
2025-04-01完成 | 滚动常规 | q=0.70 | SOC：10800.0->10750.0 | 临时购电：39.4kWh | 总费用：47067.38元
2025-04-02完成 | 滚动常规 | q=0.70 | SOC：10750.0->10550.0 | 临时购电：34.7kWh | 总费用：47605.36元
2025-04-03完成 | 滚动常规 | q=0.70 | SOC：10550.0->10800.0 | 临时购电：29.5kWh | 总费用：47619.13元
2025-04-04完成 | 滚动常规 | q=0.70 | SOC：10800.0->10800.0 | 临时购电：120.4kWh | 总费用：17862.43元
2025-04-05完成 | 滚动常规 | q=0.70 | SOC：10800.0->10800.0 | 临时购电：85.0kWh | 总费用：17505.95元
2025-04-06完成 | 滚动常规 | q=0.70 | SOC：10800.0->10550.0 | 临时购电：36.5kWh | 总费用：48330.46元
2025-04-07完成 | 滚动常规 | q=0.70 | SOC：10550.0->10800.0 | 临时购电：48.3kWh | 总费用：45988.25元
2025-04-08完成 | 滚动常规 | q=0.70 | SOC：10800.0->10550.0 | 临时购电：27.5kWh | 总费用：45559.09元
2025-04-09完成 | 滚动常规 | q=0.70 | SOC：10550.0->10800.0 | 临时购电：34.4kWh | 总费用：45248.33元
2025-04-10完成 | 滚动常规 | q=0.70 | SOC：10800.0->10750.0 | 临时购电：31.8kWh | 总费用：46482.01元
2025-04-11完成 | 滚动常规 | q=0.70 | SOC：10750.0->10750.0 | 临时购电：119.3kWh | 总费用：17016.42元
2025-04-12完成 | 滚动常规 | q=0.70 | SOC：10750.0->10800.0 | 临时购电：100.4kWh | 总费用：17425.23元
2025-04-13完成 | 滚动常规 | q=0.70 | SOC：10800.0->10700.0 | 临时购电：35.2kWh | 总费用：44811.11元
2025-04-14完成 | 滚动常规 | q=0.70 | SOC：10700.0->10600.0 | 临时购电：20.6kWh | 总费用：44266.13元
2025-04-15完成 | 滚动常规 | q=0.70 | SOC：10600.0->10650.0 | 临时购电：25.7kWh | 总费用：44943.39元
2025-04-16完成 | 滚动常规 | q=0.70 | SOC：10650.0->10800.0 | 临时购电：60.3kWh | 总费用：43542.92元
2025-04-17完成 | 滚动常规 | q=0.70 | SOC：10800.0->10750.0 | 临时购电：24.9kWh | 总费用：44151.34元
2025-04-18完成 | 滚动常规 | q=0.70 | SOC：10750.0->10800.0 | 临时购电：141.4kWh | 总费用：16707.36元
2025-04-19完成 | 滚动常规 | q=0.70 | SOC：10800.0->10700.0 | 临时购电：84.5kWh | 总费用：16548.07元
2025-04-20完成 | 滚动常规 | q=0.70 | SOC：10700.0->10800.0 | 临时购电：10.8kWh | 总费用：42970.63元
2025-04-21完成 | 滚动常规 | q=0.70 | SOC：10800.0->10550.0 | 临时购电：44.3kWh | 总费用：44084.86元
2025-04-22完成 | 滚动常规 | q=0.70 | SOC：10550.0->10800.0 | 临时购电：44.1kWh | 总费用：44473.44元
2025-04-23完成 | 滚动常规 | q=0.70 | SOC：10800.0->10800.0 | 临时购电：51.5kWh | 总费用：43058.52元
2025-04-24完成 | 滚动常规 | q=0.70 | SOC：10800.0->10800.0 | 临时购电：52.8kWh | 总费用：42649.98元
2025-04-25完成 | 滚动常规 | q=0.70 | SOC：10800.0->10650.0 | 临时购电：98.1kWh | 总费用：15548.17元
2025-04-26完成 | 滚动常规 | q=0.70 | SOC：10650.0->10750.0 | 临时购电：57.7kWh | 总费用：15711.44元
2025-04-27完成 | 滚动常规 | q=0.70 | SOC：10750.0->10800.0 | 临时购电：49.1kWh | 总费用：40138.72元
2025-04-28完成 | 滚动常规 | q=0.70 | SOC：10800.0->10800.0 | 临时购电：40.3kWh | 总费用：42513.23元
2025-04-29完成 | 滚动常规 | q=0.70 | SOC：10800.0->10800.0 | 临时购电：17.1kWh | 总费用：42363.44元
2025-04-30完成 | 滚动常规 | q=0.70 | SOC：10800.0->10700.0 | 临时购电：67.7kWh | 总费用：42740.35元
2025-05-01完成 | 滚动常规 | q=0.70 | SOC：10700.0->9750.0 | 临时购电：629.2kWh | 总费用：45814.14元
2025-05-02完成 | 滚动常规 | q=0.70 | SOC：9750.0->9750.0 | 临时购电：815.2kWh | 总费用：20190.29元
2025-05-03完成 | 滚动常规 | q=0.70 | SOC：9750.0->10050.0 | 临时购电：908.1kWh | 总费用：20656.98元
2025-05-04完成 | 滚动常规 | q=0.70 | SOC：10050.0->9900.0 | 临时购电：638.4kWh | 总费用：45914.39元
2025-05-05完成 | 滚动常规 | q=0.70 | SOC：9900.0->10000.0 | 临时购电：374.6kWh | 总费用：43881.97元
2025-05-06完成 | 滚动常规 | q=0.70 | SOC：10000.0->9850.0 | 临时购电：504.3kWh | 总费用：44655.82元
2025-05-07完成 | 滚动常规 | q=0.70 | SOC：9850.0->9950.0 | 临时购电：488.0kWh | 总费用：47253.20元
2025-05-08完成 | 滚动常规 | q=0.70 | SOC：9950.0->10000.0 | 临时购电：220.5kWh | 总费用：46486.56元
2025-05-09完成 | 滚动常规 | q=0.70 | SOC：10000.0->10250.0 | 临时购电：140.5kWh | 总费用：17507.24元
2025-05-10完成 | 滚动常规 | q=0.70 | SOC：10250.0->10000.0 | 临时购电：255.4kWh | 总费用：17950.65元
2025-05-11完成 | 滚动常规 | q=0.70 | SOC：10000.0->10150.0 | 临时购电：270.3kWh | 总费用：46921.88元
2025-05-12完成 | 滚动常规 | q=0.70 | SOC：10150.0->10600.0 | 临时购电：81.7kWh | 总费用：45016.10元
2025-05-13完成 | 滚动常规 | q=0.70 | SOC：10600.0->10500.0 | 临时购电：45.6kWh | 总费用：45130.93元
2025-05-14完成 | 滚动常规 | q=0.70 | SOC：10500.0->10350.0 | 临时购电：67.1kWh | 总费用：44965.67元
2025-05-15完成 | 滚动常规 | q=0.70 | SOC：10350.0->10800.0 | 临时购电：25.1kWh | 总费用：44454.09元
2025-05-16完成 | 滚动常规 | q=0.70 | SOC：10800.0->10700.0 | 临时购电：77.2kWh | 总费用：17112.09元
2025-05-17完成 | 滚动常规 | q=0.70 | SOC：10700.0->10500.0 | 临时购电：113.7kWh | 总费用：17436.65元
2025-05-18完成 | 滚动常规 | q=0.70 | SOC：10500.0->10800.0 | 临时购电：80.6kWh | 总费用：43791.05元
2025-05-19完成 | 滚动常规 | q=0.70 | SOC：10800.0->10600.0 | 临时购电：117.5kWh | 总费用：44229.93元
2025-05-20完成 | 滚动常规 | q=0.70 | SOC：10600.0->10600.0 | 临时购电：95.1kWh | 总费用：42325.79元
2025-05-21完成 | 滚动常规 | q=0.70 | SOC：10600.0->10700.0 | 临时购电：38.9kWh | 总费用：42796.41元
2025-05-22完成 | 滚动常规 | q=0.70 | SOC：10700.0->10800.0 | 临时购电：30.8kWh | 总费用：42639.70元
2025-05-23完成 | 滚动常规 | q=0.70 | SOC：10800.0->10800.0 | 临时购电：84.2kWh | 总费用：17743.63元
2025-05-24完成 | 滚动常规 | q=0.70 | SOC：10800.0->10800.0 | 临时购电：76.7kWh | 总费用：17955.59元
2025-05-25完成 | 滚动常规 | q=0.70 | SOC：10800.0->10800.0 | 临时购电：19.7kWh | 总费用：42701.56元
2025-05-26完成 | 滚动常规 | q=0.70 | SOC：10800.0->10800.0 | 临时购电：55.3kWh | 总费用：44134.83元
2025-05-27完成 | 滚动常规 | q=0.70 | SOC：10800.0->10800.0 | 临时购电：10.5kWh | 总费用：42744.45元
2025-05-28完成 | 滚动常规 | q=0.70 | SOC：10800.0->10800.0 | 临时购电：38.6kWh | 总费用：42468.73元
2025-05-29完成 | 滚动常规 | q=0.70 | SOC：10800.0->10800.0 | 临时购电：31.4kWh | 总费用：43143.09元
2025-05-30完成 | 滚动常规 | q=0.70 | SOC：10800.0->10800.0 | 临时购电：47.8kWh | 总费用：17949.18元
2025-05-31完成 | 滚动常规 | q=0.70 | SOC：10800.0->10750.0 | 临时购电：144.9kWh | 总费用：18239.21元
2025-06-01完成 | 滚动常规 | q=0.70 | SOC：10750.0->9450.0 | 临时购电：2571.3kWh | 总费用：56936.29元
2025-06-02完成 | 滚动高风险 | q=0.85 | SOC：9450.0->9600.0 | 临时购电：1484.3kWh | 总费用：56092.64元
2025-06-03完成 | 滚动高风险 | q=0.85 | SOC：9600.0->9850.0 | 临时购电：421.1kWh | 总费用：51986.75元
2025-06-04完成 | 滚动高风险 | q=0.85 | SOC：9850.0->9700.0 | 临时购电：519.5kWh | 总费用：53044.16元
2025-06-05完成 | 滚动高风险 | q=0.85 | SOC：9700.0->10000.0 | 临时购电：577.6kWh | 总费用：54636.83元
2025-06-06完成 | 滚动常规 | q=0.70 | SOC：10000.0->9400.0 | 临时购电：4283.1kWh | 总费用：39404.61元
2025-06-07完成 | 滚动高风险 | q=0.85 | SOC：9400.0->9850.0 | 临时购电：512.5kWh | 总费用：24886.95元
2025-06-08完成 | 滚动高风险 | q=0.85 | SOC：9850.0->10800.0 | 临时购电：26.0kWh | 总费用：61617.22元
2025-06-09完成 | 滚动高风险 | q=0.85 | SOC：10800.0->10800.0 | 临时购电：38.1kWh | 总费用：59106.99元
2025-06-10完成 | 滚动常规 | q=0.75 | SOC：10800.0->10500.0 | 临时购电：147.6kWh | 总费用：55702.67元
2025-06-11完成 | 滚动常规 | q=0.75 | SOC：10500.0->10500.0 | 临时购电：193.8kWh | 总费用：56109.93元
2025-06-12完成 | 滚动常规 | q=0.75 | SOC：10500.0->10550.0 | 临时购电：119.5kWh | 总费用：56930.11元
2025-06-13完成 | 滚动常规 | q=0.75 | SOC：10550.0->10400.0 | 临时购电：406.4kWh | 总费用：23158.53元
2025-06-14完成 | 滚动常规 | q=0.75 | SOC：10400.0->10600.0 | 临时购电：284.4kWh | 总费用：23670.61元
2025-06-15完成 | 滚动常规 | q=0.75 | SOC：10600.0->10800.0 | 临时购电：11.2kWh | 总费用：59181.50元
2025-06-16完成 | 滚动常规 | q=0.75 | SOC：10800.0->10800.0 | 临时购电：44.2kWh | 总费用：59387.56元
2025-06-17完成 | 滚动常规 | q=0.75 | SOC：10800.0->10800.0 | 临时购电：132.5kWh | 总费用：58256.13元
2025-06-18完成 | 滚动常规 | q=0.75 | SOC：10800.0->10800.0 | 临时购电：27.9kWh | 总费用：58182.36元
2025-06-19完成 | 滚动常规 | q=0.75 | SOC：10800.0->10800.0 | 临时购电：53.1kWh | 总费用：59452.60元
2025-06-20完成 | 滚动常规 | q=0.75 | SOC：10800.0->10800.0 | 临时购电：169.9kWh | 总费用：24637.24元
2025-06-21完成 | 滚动常规 | q=0.75 | SOC：10800.0->10800.0 | 临时购电：118.5kWh | 总费用：24891.91元
2025-06-22完成 | 滚动常规 | q=0.75 | SOC：10800.0->10800.0 | 临时购电：36.5kWh | 总费用：57258.56元
2025-06-23完成 | 滚动常规 | q=0.75 | SOC：10800.0->10800.0 | 临时购电：16.8kWh | 总费用：56103.42元
2025-06-24完成 | 滚动常规 | q=0.75 | SOC：10800.0->10800.0 | 临时购电：136.5kWh | 总费用：55833.79元
2025-06-25完成 | 滚动常规 | q=0.75 | SOC：10800.0->10800.0 | 临时购电：22.6kWh | 总费用：56079.94元
2025-06-26完成 | 滚动常规 | q=0.75 | SOC：10800.0->10800.0 | 临时购电：38.3kWh | 总费用：56989.57元
2025-06-27完成 | 滚动常规 | q=0.75 | SOC：10800.0->10800.0 | 临时购电：209.5kWh | 总费用：23988.37元
2025-06-28完成 | 滚动常规 | q=0.75 | SOC：10800.0->10800.0 | 临时购电：183.0kWh | 总费用：24312.29元
2025-06-29完成 | 滚动常规 | q=0.75 | SOC：10800.0->10800.0 | 临时购电：32.5kWh | 总费用：56707.35元
2025-06-30完成 | 滚动常规 | q=0.75 | SOC：10800.0->10750.0 | 临时购电：34.5kWh | 总费用：57004.12元
2025-07-01完成 | 滚动常规 | q=0.75 | SOC：10750.0->9550.0 | 临时购电：3388.1kWh | 总费用：64931.72元
2025-07-02完成 | 滚动高风险 | q=0.85 | SOC：9550.0->9750.0 | 临时购电：903.0kWh | 总费用：57183.97元
2025-07-03完成 | 滚动高风险 | q=0.85 | SOC：9750.0->9900.0 | 临时购电：2701.8kWh | 总费用：64573.52元
2025-07-04完成 | 滚动高风险 | q=0.85 | SOC：9900.0->9550.0 | 临时购电：2534.5kWh | 总费用：33518.18元
2025-07-05完成 | 滚动高风险 | q=0.85 | SOC：9550.0->9700.0 | 临时购电：3066.5kWh | 总费用：37465.28元
2025-07-06完成 | 滚动高风险 | q=0.85 | SOC：9700.0->9700.0 | 临时购电：6520.0kWh | 总费用：77905.89元
2025-07-07完成 | 滚动高风险 | q=0.85 | SOC：9700.0->9650.0 | 临时购电：809.6kWh | 总费用：53285.74元
2025-07-08完成 | 滚动高风险 | q=0.85 | SOC：9650.0->10800.0 | 临时购电：91.1kWh | 总费用：60352.19元
2025-07-09完成 | 滚动高风险 | q=0.85 | SOC：10800.0->10800.0 | 临时购电：30.3kWh | 总费用：61361.68元
2025-07-10完成 | 滚动常规 | q=0.75 | SOC：10800.0->10550.0 | 临时购电：201.7kWh | 总费用：55172.32元
2025-07-11完成 | 滚动常规 | q=0.75 | SOC：10550.0->10550.0 | 临时购电：321.3kWh | 总费用：27798.54元
2025-07-12完成 | 滚动常规 | q=0.75 | SOC：10550.0->10350.0 | 临时购电：165.3kWh | 总费用：27061.91元
2025-07-13完成 | 滚动常规 | q=0.80 | SOC：10350.0->10800.0 | 临时购电：99.2kWh | 总费用：55412.26元
2025-07-14完成 | 滚动常规 | q=0.80 | SOC：10800.0->10800.0 | 临时购电：40.6kWh | 总费用：55566.01元
2025-07-15完成 | 滚动常规 | q=0.80 | SOC：10800.0->10800.0 | 临时购电：29.1kWh | 总费用：57045.90元
2025-07-16完成 | 滚动常规 | q=0.80 | SOC：10800.0->10800.0 | 临时购电：59.3kWh | 总费用：55341.60元
2025-07-17完成 | 滚动常规 | q=0.80 | SOC：10800.0->10800.0 | 临时购电：65.5kWh | 总费用：54681.20元
2025-07-18完成 | 滚动常规 | q=0.80 | SOC：10800.0->10800.0 | 临时购电：346.4kWh | 总费用：29023.94元
2025-07-19完成 | 滚动常规 | q=0.80 | SOC：10800.0->10800.0 | 临时购电：79.8kWh | 总费用：28227.84元
2025-07-20完成 | 滚动常规 | q=0.80 | SOC：10800.0->10800.0 | 临时购电：21.9kWh | 总费用：56603.29元
2025-07-21完成 | 滚动常规 | q=0.80 | SOC：10800.0->10800.0 | 临时购电：46.9kWh | 总费用：56059.98元
2025-07-22完成 | 滚动常规 | q=0.80 | SOC：10800.0->10800.0 | 临时购电：49.8kWh | 总费用：57770.51元
2025-07-23完成 | 滚动常规 | q=0.80 | SOC：10800.0->10800.0 | 临时购电：52.4kWh | 总费用：56799.80元
2025-07-24完成 | 滚动常规 | q=0.80 | SOC：10800.0->10800.0 | 临时购电：195.7kWh | 总费用：56651.73元
2025-07-25完成 | 滚动常规 | q=0.80 | SOC：10800.0->10800.0 | 临时购电：117.9kWh | 总费用：28067.98元
2025-07-26完成 | 滚动常规 | q=0.80 | SOC：10800.0->10800.0 | 临时购电：62.3kWh | 总费用：28373.98元
2025-07-27完成 | 滚动常规 | q=0.80 | SOC：10800.0->10800.0 | 临时购电：426.6kWh | 总费用：58020.23元
2025-07-28完成 | 滚动常规 | q=0.80 | SOC：10800.0->10800.0 | 临时购电：700.4kWh | 总费用：57608.68元
2025-07-29完成 | 滚动常规 | q=0.80 | SOC：10800.0->10800.0 | 临时购电：42.6kWh | 总费用：57577.32元
2025-07-30完成 | 滚动常规 | q=0.80 | SOC：10800.0->10800.0 | 临时购电：39.9kWh | 总费用：55735.39元
2025-07-31完成 | 滚动常规 | q=0.80 | SOC：10800.0->10800.0 | 临时购电：33.5kWh | 总费用：56553.43元
2025-08-01完成 | 滚动常规 | q=0.80 | SOC：10800.0->10800.0 | 临时购电：43.3kWh | 总费用：27447.41元
2025-08-02完成 | 滚动常规 | q=0.80 | SOC：10800.0->10800.0 | 临时购电：22.1kWh | 总费用：27447.24元
2025-08-03完成 | 滚动常规 | q=0.80 | SOC：10800.0->10800.0 | 临时购电：28.5kWh | 总费用：53292.26元
2025-08-04完成 | 滚动常规 | q=0.80 | SOC：10800.0->10800.0 | 临时购电：33.5kWh | 总费用：50626.25元
2025-08-05完成 | 滚动常规 | q=0.75 | SOC：10800.0->10800.0 | 临时购电：49.9kWh | 总费用：49710.27元
2025-08-06完成 | 滚动常规 | q=0.75 | SOC：10800.0->10800.0 | 临时购电：1068.1kWh | 总费用：52914.49元
2025-08-07完成 | 滚动高风险 | q=0.85 | SOC：10800.0->10800.0 | 临时购电：26.2kWh | 总费用：49761.15元
2025-08-08完成 | 滚动高风险 | q=0.85 | SOC：10800.0->10800.0 | 临时购电：17.3kWh | 总费用：27122.33元
2025-08-09完成 | 滚动高风险 | q=0.85 | SOC：10800.0->10800.0 | 临时购电：91.1kWh | 总费用：26892.72元
2025-08-10完成 | 滚动常规 | q=0.75 | SOC：10800.0->10800.0 | 临时购电：32.3kWh | 总费用：49784.07元
2025-08-11完成 | 滚动常规 | q=0.75 | SOC：10800.0->10800.0 | 临时购电：43.9kWh | 总费用：50434.61元
2025-08-12完成 | 滚动常规 | q=0.70 | SOC：10800.0->10800.0 | 临时购电：392.2kWh | 总费用：49637.95元
2025-08-13完成 | 滚动常规 | q=0.70 | SOC：10800.0->10800.0 | 临时购电：290.2kWh | 总费用：48920.26元
2025-08-14完成 | 滚动常规 | q=0.70 | SOC：10800.0->10800.0 | 临时购电：152.1kWh | 总费用：50209.97元
2025-08-15完成 | 滚动常规 | q=0.70 | SOC：10800.0->10650.0 | 临时购电：96.1kWh | 总费用：25371.60元
2025-08-16完成 | 滚动常规 | q=0.70 | SOC：10650.0->10750.0 | 临时购电：100.8kWh | 总费用：25534.06元
2025-08-17完成 | 滚动常规 | q=0.70 | SOC：10750.0->10800.0 | 临时购电：97.5kWh | 总费用：49378.78元
2025-08-18完成 | 滚动常规 | q=0.70 | SOC：10800.0->10800.0 | 临时购电：109.2kWh | 总费用：50580.34元
2025-08-19完成 | 滚动常规 | q=0.70 | SOC：10800.0->10800.0 | 临时购电：131.8kWh | 总费用：48840.37元
2025-08-20完成 | 滚动常规 | q=0.70 | SOC：10800.0->10800.0 | 临时购电：2438.3kWh | 总费用：57854.38元
2025-08-21完成 | 滚动高风险 | q=0.85 | SOC：10800.0->10800.0 | 临时购电：33.6kWh | 总费用：52847.94元
2025-08-22完成 | 滚动高风险 | q=0.85 | SOC：10800.0->10800.0 | 临时购电：209.6kWh | 总费用：27450.21元
2025-08-23完成 | 滚动高风险 | q=0.85 | SOC：10800.0->10800.0 | 临时购电：13.7kWh | 总费用：26661.44元
2025-08-24完成 | 滚动常规 | q=0.70 | SOC：10800.0->10800.0 | 临时购电：126.9kWh | 总费用：49338.27元
2025-08-25完成 | 滚动常规 | q=0.70 | SOC：10800.0->10800.0 | 临时购电：1755.5kWh | 总费用：56407.81元
2025-08-26完成 | 滚动高风险 | q=0.85 | SOC：10800.0->10800.0 | 临时购电：54.7kWh | 总费用：53007.81元
2025-08-27完成 | 滚动高风险 | q=0.85 | SOC：10800.0->10800.0 | 临时购电：78.1kWh | 总费用：52079.45元
2025-08-28完成 | 滚动高风险 | q=0.85 | SOC：10800.0->10800.0 | 临时购电：146.9kWh | 总费用：53607.00元
2025-08-29完成 | 滚动常规 | q=0.70 | SOC：10800.0->10800.0 | 临时购电：231.7kWh | 总费用：27187.00元
2025-08-30完成 | 滚动常规 | q=0.70 | SOC：10800.0->10800.0 | 临时购电：146.4kWh | 总费用：26741.43元
2025-08-31完成 | 滚动常规 | q=0.70 | SOC：10800.0->10800.0 | 临时购电：305.2kWh | 总费用：50074.20元
2025-09-01完成 | 滚动常规 | q=0.70 | SOC：10800.0->10800.0 | 临时购电：68.0kWh | 总费用：47781.58元
2025-09-02完成 | 滚动常规 | q=0.70 | SOC：10800.0->10800.0 | 临时购电：79.6kWh | 总费用：48837.48元
2025-09-03完成 | 滚动常规 | q=0.70 | SOC：10800.0->10800.0 | 临时购电：26.8kWh | 总费用：48192.08元
2025-09-04完成 | 滚动常规 | q=0.70 | SOC：10800.0->10800.0 | 临时购电：57.2kWh | 总费用：48267.93元
2025-09-05完成 | 滚动常规 | q=0.70 | SOC：10800.0->10800.0 | 临时购电：35.9kWh | 总费用：25587.98元
2025-09-06完成 | 滚动常规 | q=0.70 | SOC：10800.0->10800.0 | 临时购电：23.5kWh | 总费用：26072.20元
2025-09-07完成 | 滚动常规 | q=0.70 | SOC：10800.0->10800.0 | 临时购电：154.5kWh | 总费用：48029.79元
2025-09-08完成 | 滚动常规 | q=0.70 | SOC：10800.0->10800.0 | 临时购电：3648.2kWh | 总费用：55502.94元
2025-09-09完成 | 滚动高风险 | q=0.85 | SOC：10800.0->10800.0 | 临时购电：62.2kWh | 总费用：47039.53元
2025-09-10完成 | 滚动高风险 | q=0.85 | SOC：10800.0->10800.0 | 临时购电：2178.3kWh | 总费用：55191.08元
2025-09-11完成 | 滚动高风险 | q=0.85 | SOC：10800.0->10800.0 | 临时购电：42.8kWh | 总费用：47392.67元
2025-09-12完成 | 滚动高风险 | q=0.85 | SOC：10800.0->10800.0 | 临时购电：65.2kWh | 总费用：24013.64元
2025-09-13完成 | 滚动高风险 | q=0.85 | SOC：10800.0->10800.0 | 临时购电：0.0kWh | 总费用：24536.71元
2025-09-14完成 | 滚动常规 | q=0.75 | SOC：10800.0->10800.0 | 临时购电：3031.0kWh | 总费用：54836.11元
2025-09-15完成 | 滚动高风险 | q=0.85 | SOC：10800.0->10800.0 | 临时购电：36.5kWh | 总费用：48516.52元
2025-09-16完成 | 滚动高风险 | q=0.85 | SOC：10800.0->10800.0 | 临时购电：82.3kWh | 总费用：48454.87元
2025-09-17完成 | 滚动高风险 | q=0.85 | SOC：10800.0->10800.0 | 临时购电：285.7kWh | 总费用：49310.25元
2025-09-18完成 | 滚动常规 | q=0.75 | SOC：10800.0->10800.0 | 临时购电：310.4kWh | 总费用：48675.21元
2025-09-19完成 | 滚动常规 | q=0.75 | SOC：10800.0->10800.0 | 临时购电：87.5kWh | 总费用：24028.08元
2025-09-20完成 | 滚动常规 | q=0.75 | SOC：10800.0->10800.0 | 临时购电：272.8kWh | 总费用：24985.48元
2025-09-21完成 | 滚动常规 | q=0.75 | SOC：10800.0->10800.0 | 临时购电：84.9kWh | 总费用：47319.72元
2025-09-22完成 | 滚动常规 | q=0.70 | SOC：10800.0->10800.0 | 临时购电：126.4kWh | 总费用：44920.54元
2025-09-23完成 | 滚动常规 | q=0.70 | SOC：10800.0->10800.0 | 临时购电：708.4kWh | 总费用：47029.19元
2025-09-24完成 | 滚动常规 | q=0.70 | SOC：10800.0->10800.0 | 临时购电：626.2kWh | 总费用：46959.09元
2025-09-25完成 | 滚动常规 | q=0.70 | SOC：10800.0->10800.0 | 临时购电：238.4kWh | 总费用：45465.90元
2025-09-26完成 | 滚动常规 | q=0.70 | SOC：10800.0->10800.0 | 临时购电：137.6kWh | 总费用：21346.92元
2025-09-27完成 | 滚动常规 | q=0.70 | SOC：10800.0->10650.0 | 临时购电：436.7kWh | 总费用：22549.07元
2025-09-28完成 | 滚动常规 | q=0.70 | SOC：10650.0->10800.0 | 临时购电：1015.3kWh | 总费用：49491.79元
2025-09-29完成 | 滚动高风险 | q=0.85 | SOC：10800.0->10800.0 | 临时购电：28.2kWh | 总费用：47657.80元
2025-09-30完成 | 滚动高风险 | q=0.85 | SOC：10800.0->10800.0 | 临时购电：699.5kWh | 总费用：49949.54元
2025-10-01完成 | 滚动高风险 | q=0.85 | SOC：10800.0->10800.0 | 临时购电：4.1kWh | 总费用：53627.28元
2025-10-02完成 | 滚动常规 | q=0.70 | SOC：10800.0->10800.0 | 临时购电：53.6kWh | 总费用：49164.17元
2025-10-03完成 | 滚动常规 | q=0.70 | SOC：10800.0->10800.0 | 临时购电：33.3kWh | 总费用：20297.83元
2025-10-04完成 | 滚动常规 | q=0.70 | SOC：10800.0->10800.0 | 临时购电：53.9kWh | 总费用：21294.49元
2025-10-05完成 | 滚动常规 | q=0.70 | SOC：10800.0->10800.0 | 临时购电：84.1kWh | 总费用：47742.84元
2025-10-06完成 | 滚动常规 | q=0.70 | SOC：10800.0->10800.0 | 临时购电：13.4kWh | 总费用：48211.62元
2025-10-07完成 | 滚动常规 | q=0.70 | SOC：10800.0->10800.0 | 临时购电：34.4kWh | 总费用：47829.91元
2025-10-08完成 | 滚动常规 | q=0.70 | SOC：10800.0->10800.0 | 临时购电：24.9kWh | 总费用：48563.58元
2025-10-09完成 | 滚动常规 | q=0.70 | SOC：10800.0->10800.0 | 临时购电：30.6kWh | 总费用：47584.74元
2025-10-10完成 | 滚动常规 | q=0.70 | SOC：10800.0->10800.0 | 临时购电：85.7kWh | 总费用：19526.83元
2025-10-11完成 | 滚动常规 | q=0.70 | SOC：10800.0->10800.0 | 临时购电：40.6kWh | 总费用：20384.76元
2025-10-12完成 | 滚动常规 | q=0.70 | SOC：10800.0->10800.0 | 临时购电：70.8kWh | 总费用：48382.84元
2025-10-13完成 | 滚动常规 | q=0.70 | SOC：10800.0->10800.0 | 临时购电：36.8kWh | 总费用：47841.88元
2025-10-14完成 | 滚动常规 | q=0.70 | SOC：10800.0->10800.0 | 临时购电：73.8kWh | 总费用：48371.79元
2025-10-15完成 | 滚动常规 | q=0.70 | SOC：10800.0->10800.0 | 临时购电：41.0kWh | 总费用：49711.35元
2025-10-16完成 | 滚动常规 | q=0.70 | SOC：10800.0->10800.0 | 临时购电：90.0kWh | 总费用：49592.58元
2025-10-17完成 | 滚动常规 | q=0.70 | SOC：10800.0->10800.0 | 临时购电：59.2kWh | 总费用：19915.11元
2025-10-18完成 | 滚动常规 | q=0.70 | SOC：10800.0->10800.0 | 临时购电：63.2kWh | 总费用：20017.63元
2025-10-19完成 | 滚动常规 | q=0.70 | SOC：10800.0->10800.0 | 临时购电：72.0kWh | 总费用：50225.17元
2025-10-20完成 | 滚动常规 | q=0.70 | SOC：10800.0->10800.0 | 临时购电：21.1kWh | 总费用：50912.02元
2025-10-21完成 | 滚动常规 | q=0.70 | SOC：10800.0->10800.0 | 临时购电：96.1kWh | 总费用：52436.01元
2025-10-22完成 | 滚动常规 | q=0.70 | SOC：10800.0->10800.0 | 临时购电：31.8kWh | 总费用：50144.93元
2025-10-23完成 | 滚动常规 | q=0.70 | SOC：10800.0->10800.0 | 临时购电：24.2kWh | 总费用：50419.53元
2025-10-24完成 | 滚动常规 | q=0.70 | SOC：10800.0->10550.0 | 临时购电：197.4kWh | 总费用：19482.74元
2025-10-25完成 | 滚动常规 | q=0.70 | SOC：10550.0->10600.0 | 临时购电：181.1kWh | 总费用：19963.08元
2025-10-26完成 | 滚动常规 | q=0.70 | SOC：10600.0->10800.0 | 临时购电：38.5kWh | 总费用：51315.17元
2025-10-27完成 | 滚动常规 | q=0.70 | SOC：10800.0->10800.0 | 临时购电：57.6kWh | 总费用：50799.92元
2025-10-28完成 | 滚动常规 | q=0.70 | SOC：10800.0->10800.0 | 临时购电：53.9kWh | 总费用：51066.40元
2025-10-29完成 | 滚动常规 | q=0.70 | SOC：10800.0->10650.0 | 临时购电：115.3kWh | 总费用：50352.63元
2025-10-30完成 | 滚动常规 | q=0.70 | SOC：10650.0->10800.0 | 临时购电：52.4kWh | 总费用：51575.90元
2025-10-31完成 | 滚动常规 | q=0.70 | SOC：10800.0->10550.0 | 临时购电：235.5kWh | 总费用：20053.10元
2025-11-01完成 | 滚动常规 | q=0.70 | SOC：10550.0->10750.0 | 临时购电：149.2kWh | 总费用：20237.08元
2025-11-02完成 | 滚动常规 | q=0.70 | SOC：10750.0->10500.0 | 临时购电：22.0kWh | 总费用：52444.29元
2025-11-03完成 | 滚动常规 | q=0.70 | SOC：10500.0->10800.0 | 临时购电：43.6kWh | 总费用：53034.50元
2025-11-04完成 | 滚动常规 | q=0.70 | SOC：10800.0->10500.0 | 临时购电：70.2kWh | 总费用：53005.76元
2025-11-05完成 | 滚动常规 | q=0.70 | SOC：10500.0->10800.0 | 临时购电：45.0kWh | 总费用：53710.52元
2025-11-06完成 | 滚动常规 | q=0.70 | SOC：10800.0->10700.0 | 临时购电：87.3kWh | 总费用：53394.21元
2025-11-07完成 | 滚动常规 | q=0.70 | SOC：10700.0->10700.0 | 临时购电：181.7kWh | 总费用：20482.86元
2025-11-08完成 | 滚动常规 | q=0.70 | SOC：10700.0->10700.0 | 临时购电：164.5kWh | 总费用：20472.42元
2025-11-09完成 | 滚动常规 | q=0.70 | SOC：10700.0->10750.0 | 临时购电：23.4kWh | 总费用：54204.28元
2025-11-10完成 | 滚动常规 | q=0.70 | SOC：10750.0->10700.0 | 临时购电：57.5kWh | 总费用：54945.18元
2025-11-11完成 | 滚动常规 | q=0.70 | SOC：10700.0->10700.0 | 临时购电：30.0kWh | 总费用：55133.30元
2025-11-12完成 | 滚动常规 | q=0.70 | SOC：10700.0->10800.0 | 临时购电：70.9kWh | 总费用：55842.93元
2025-11-13完成 | 滚动常规 | q=0.70 | SOC：10800.0->10700.0 | 临时购电：52.0kWh | 总费用：54477.22元
2025-11-14完成 | 滚动常规 | q=0.70 | SOC：10700.0->10750.0 | 临时购电：223.1kWh | 总费用：21577.13元
2025-11-15完成 | 滚动常规 | q=0.70 | SOC：10750.0->10500.0 | 临时购电：266.9kWh | 总费用：21640.59元
2025-11-16完成 | 滚动常规 | q=0.70 | SOC：10500.0->10800.0 | 临时购电：28.8kWh | 总费用：56518.96元
2025-11-17完成 | 滚动常规 | q=0.70 | SOC：10800.0->10800.0 | 临时购电：111.0kWh | 总费用：56965.97元
2025-11-18完成 | 滚动常规 | q=0.70 | SOC：10800.0->10800.0 | 临时购电：25.1kWh | 总费用：56477.68元
2025-11-19完成 | 滚动常规 | q=0.70 | SOC：10800.0->10650.0 | 临时购电：50.1kWh | 总费用：57024.47元
2025-11-20完成 | 滚动常规 | q=0.70 | SOC：10650.0->10800.0 | 临时购电：54.0kWh | 总费用：57413.41元
2025-11-21完成 | 滚动常规 | q=0.70 | SOC：10800.0->10800.0 | 临时购电：211.3kWh | 总费用：22169.26元
2025-11-22完成 | 滚动常规 | q=0.70 | SOC：10800.0->10700.0 | 临时购电：130.7kWh | 总费用：22185.48元
2025-11-23完成 | 滚动常规 | q=0.70 | SOC：10700.0->10800.0 | 临时购电：69.6kWh | 总费用：58358.19元
2025-11-24完成 | 滚动常规 | q=0.70 | SOC：10800.0->10600.0 | 临时购电：25.3kWh | 总费用：57909.61元
2025-11-25完成 | 滚动常规 | q=0.70 | SOC：10600.0->10750.0 | 临时购电：49.8kWh | 总费用：57469.84元
2025-11-26完成 | 滚动常规 | q=0.70 | SOC：10750.0->10800.0 | 临时购电：11.4kWh | 总费用：57941.31元
2025-11-27完成 | 滚动常规 | q=0.70 | SOC：10800.0->10800.0 | 临时购电：22.1kWh | 总费用：58969.20元
2025-11-28完成 | 滚动常规 | q=0.70 | SOC：10800.0->10600.0 | 临时购电：84.0kWh | 总费用：23056.63元
2025-11-29完成 | 滚动常规 | q=0.70 | SOC：10600.0->10700.0 | 临时购电：76.7kWh | 总费用：23062.72元
2025-11-30完成 | 滚动常规 | q=0.70 | SOC：10700.0->10800.0 | 临时购电：63.0kWh | 总费用：59862.67元
2025-12-01完成 | 滚动常规 | q=0.70 | SOC：10800.0->10650.0 | 临时购电：1381.9kWh | 总费用：65351.35元
2025-12-02完成 | 滚动高风险 | q=0.85 | SOC：10650.0->10800.0 | 临时购电：1705.7kWh | 总费用：69701.25元
2025-12-03完成 | 滚动高风险 | q=0.85 | SOC：10800.0->10800.0 | 临时购电：385.4kWh | 总费用：63632.56元
2025-12-04完成 | 滚动高风险 | q=0.85 | SOC：10800.0->10800.0 | 临时购电：613.3kWh | 总费用：65334.36元
2025-12-05完成 | 滚动高风险 | q=0.85 | SOC：10800.0->10800.0 | 临时购电：294.1kWh | 总费用：27960.61元
2025-12-06完成 | 滚动常规 | q=0.70 | SOC：10800.0->10200.0 | 临时购电：2792.6kWh | 总费用：32855.44元
2025-12-07完成 | 滚动高风险 | q=0.85 | SOC：10200.0->10800.0 | 临时购电：135.8kWh | 总费用：65831.40元
2025-12-08完成 | 滚动高风险 | q=0.85 | SOC：10800.0->10800.0 | 临时购电：17.0kWh | 总费用：71194.64元
2025-12-09完成 | 滚动高风险 | q=0.85 | SOC：10800.0->10800.0 | 临时购电：29.7kWh | 总费用：70768.05元
2025-12-10完成 | 滚动常规 | q=0.70 | SOC：10800.0->10800.0 | 临时购电：124.7kWh | 总费用：66503.06元
2025-12-11完成 | 滚动常规 | q=0.70 | SOC：10800.0->10800.0 | 临时购电：97.9kWh | 总费用：66253.10元
2025-12-12完成 | 滚动常规 | q=0.70 | SOC：10800.0->10800.0 | 临时购电：231.3kWh | 总费用：28551.21元
2025-12-13完成 | 滚动常规 | q=0.70 | SOC：10800.0->10800.0 | 临时购电：163.1kWh | 总费用：29253.83元
2025-12-14完成 | 滚动常规 | q=0.70 | SOC：10800.0->10800.0 | 临时购电：77.1kWh | 总费用：67629.29元
2025-12-15完成 | 滚动常规 | q=0.70 | SOC：10800.0->10800.0 | 临时购电：9.0kWh | 总费用：69103.40元
2025-12-16完成 | 滚动常规 | q=0.70 | SOC：10800.0->10800.0 | 临时购电：31.2kWh | 总费用：68869.16元
2025-12-17完成 | 滚动常规 | q=0.70 | SOC：10800.0->10800.0 | 临时购电：50.5kWh | 总费用：68420.55元
2025-12-18完成 | 滚动常规 | q=0.70 | SOC：10800.0->10700.0 | 临时购电：47.4kWh | 总费用：67799.14元
2025-12-19完成 | 滚动常规 | q=0.70 | SOC：10700.0->10600.0 | 临时购电：85.9kWh | 总费用：30587.95元
2025-12-20完成 | 滚动常规 | q=0.70 | SOC：10600.0->10700.0 | 临时购电：88.4kWh | 总费用：30280.00元
2025-12-21完成 | 滚动常规 | q=0.70 | SOC：10700.0->10800.0 | 临时购电：17.7kWh | 总费用：68616.13元
2025-12-22完成 | 滚动常规 | q=0.70 | SOC：10800.0->10650.0 | 临时购电：42.5kWh | 总费用：68310.56元
2025-12-23完成 | 滚动常规 | q=0.70 | SOC：10650.0->10800.0 | 临时购电：15.1kWh | 总费用：68868.26元
2025-12-24完成 | 滚动常规 | q=0.70 | SOC：10800.0->10750.0 | 临时购电：26.5kWh | 总费用：68395.61元
2025-12-25完成 | 滚动常规 | q=0.70 | SOC：10750.0->10800.0 | 临时购电：22.4kWh | 总费用：68736.53元
2025-12-26完成 | 滚动常规 | q=0.70 | SOC：10800.0->10800.0 | 临时购电：43.0kWh | 总费用：30142.29元
2025-12-27完成 | 滚动常规 | q=0.70 | SOC：10800.0->10700.0 | 临时购电：110.4kWh | 总费用：30394.74元
2025-12-28完成 | 滚动常规 | q=0.70 | SOC：10700.0->10800.0 | 临时购电：19.7kWh | 总费用：68538.77元
2025-12-29完成 | 滚动常规 | q=0.70 | SOC：10800.0->10600.0 | 临时购电：6.5kWh | 总费用：68220.67元
2025-12-30完成 | 滚动常规 | q=0.70 | SOC：10600.0->10650.0 | 临时购电：25.9kWh | 总费用：68043.74元
2025-12-31完成 | 滚动常规 | q=0.70 | SOC：10650.0->10450.0 | 临时购电：13.8kWh | 总费用：67617.46元

========== 问题二正式评价完成 ==========
正式评价区间：2025-02-01 至 2025-12-31
正式评价天数：334
未纳入评价的预热天数：31
日末库存价值系数：0.481548 元/kWh
计划购电费用：14760423.79 元
临时购电费用：353405.42 元
总费用：15113829.21 元
临时购电总量：83368.97 kWh
结果明细：C:\Users\LENOVO\Desktop\数模\C题\outputs\problem2_same_type_sweep_50\problem2_detail.csv
每日汇总：C:\Users\LENOVO\Desktop\数模\C题\outputs\problem2_same_type_sweep_50\problem2_daily_summary.csv
提交表格：C:\Users\LENOVO\Desktop\数模\C题\outputs\problem2_same_type_sweep_50\result2.xlsx
包含三张表：
  1. 计划购电量（日期×144时段）
  2. 充放电量（6个4小时时段）
  3. 紧急购电量（日期、购电时间段、购电量）
===== soc-step=50 总费用 = 15113829.21 元 =====

==================================================
扫描结果汇总（SOC 离散步长 -> 正式评价期总费用）
==================================================
步长 25 kWh : 15,036,006.73 元  <-- 最低
步长 30 kWh : 15,058,497.01 元
步长 35 kWh : 15,084,401.84 元
步长 40 kWh : 15,111,717.46 元
步长 45 kWh : 15,140,479.00 元
步长 50 kWh : 15,113,829.21 元
--------------------------------------------------
最低费用点：SOC 步长 = 25 kWh，总费用 = 15,036,006.73 元
结果已保存至：C:\Users\LENOVO\Desktop\数模\C题\代码\sweep_soc_step_results.csv
